ID_observacion,Codigo_pais,Pais,Region_mundial,Grupo_ingreso,Anio,AOD_recibida_USD_constantes_2024,AOD_recibida_porcentaje_INB
AFG-2004,AFG,Afghanistan,Asia,Low-income countries,2004,3066732500,42.867
AFG-2005,AFG,Afghanistan,Asia,Low-income countries,2005,3867171300,44.826
AFG-2006,AFG,Afghanistan,Asia,Low-income countries,2006,3848759600,40.786
AFG-2007,AFG,Afghanistan,Asia,Low-income countries,2007,6042791400,50.442
AFG-2008,AFG,Afghanistan,Asia,Low-income countries,2008,5752609000,47.603
AFG-2009,AFG,Afghanistan,Asia,Low-income countries,2009,7532171000,49.387
AFG-2010,AFG,Afghanistan,Asia,Low-income countries,2010,7180209700,38.225
AFG-2011,AFG,Afghanistan,Asia,Low-income countries,2011,7624499700,37.936
AFG-2012,AFG,Afghanistan,Asia,Low-income countries,2012,7418093000,33.399
AFG-2013,AFG,Afghanistan,Asia,Low-income countries,2013,5598656000,25.496
AFG-2014,AFG,Afghanistan,Asia,Low-income countries,2014,5507055600,24.042
AFG-2015,AFG,Afghanistan,Asia,Low-income countries,2015,5111631000,22.205
AFG-2016,AFG,Afghanistan,Asia,Low-income countries,2016,4887383600,22.177
AFG-2017,AFG,Afghanistan,Asia,Low-income countries,2017,4509180000,20.102
AFG-2018,AFG,Afghanistan,Asia,Low-income countries,2018,4301272000,20.73
AFG-2019,AFG,Afghanistan,Asia,Low-income countries,2019,4826777000,21.684
AFG-2020,AFG,Afghanistan,Asia,Low-income countries,2020,4758911500,20.942
AFG-2021,AFG,Afghanistan,Asia,Low-income countries,2021,4988626000,32.704
AFG-2022,AFG,Afghanistan,Asia,Low-income countries,2022,4204495000,26.926
AFG-2023,AFG,Afghanistan,Asia,Low-income countries,2023,3129451000,17.746
ALB-2004,ALB,Albania,Europe,Lower-middle-income countries,2004,394922940,3.972
ALB-2005,ALB,Albania,Europe,Lower-middle-income countries,2005,397704200,3.743
ALB-2006,ALB,Albania,Europe,Lower-middle-income countries,2006,401132130,3.443
ALB-2007,ALB,Albania,Europe,Lower-middle-income countries,2007,348660450,2.704
ALB-2008,ALB,Albania,Europe,Lower-middle-income countries,2008,383246460,2.738
ALB-2009,ALB,Albania,Europe,Upper-middle-income countries,2009,384493660,2.941
ALB-2010,ALB,Albania,Europe,Upper-middle-income countries,2010,346802430,2.675
ALB-2011,ALB,Albania,Europe,Lower-middle-income countries,2011,386404480,2.924
ALB-2012,ALB,Albania,Europe,Upper-middle-income countries,2012,377107200,2.873
ALB-2013,ALB,Albania,Europe,Upper-middle-income countries,2013,288146430,2.074
ALB-2014,ALB,Albania,Europe,Upper-middle-income countries,2014,290118050,2.095
ALB-2015,ALB,Albania,Europe,Upper-middle-income countries,2015,390685470,2.888
ALB-2016,ALB,Albania,Europe,Upper-middle-income countries,2016,200482480,1.404
ALB-2017,ALB,Albania,Europe,Upper-middle-income countries,2017,194526050,1.267
ALB-2018,ALB,Albania,Europe,Upper-middle-income countries,2018,388155070,2.243
ALB-2019,ALB,Albania,Europe,Upper-middle-income countries,2019,39245696,0.183
ALB-2020,ALB,Albania,Europe,Upper-middle-income countries,2020,372025000,2.072
ALB-2021,ALB,Albania,Europe,Upper-middle-income countries,2021,673630340,3.568
ALB-2022,ALB,Albania,Europe,Upper-middle-income countries,2022,355830800,1.695
ALB-2023,ALB,Albania,Europe,Upper-middle-income countries,2023,372847200,1.551
DZA-2004,DZA,Algeria,Africa,Lower-middle-income countries,2004,393052640,0.359
DZA-2005,DZA,Algeria,Africa,Lower-middle-income countries,2005,417841570,0.339
DZA-2006,DZA,Algeria,Africa,Lower-middle-income countries,2006,279398370,0.203
DZA-2007,DZA,Algeria,Africa,Lower-middle-income countries,2007,413863600,0.281
DZA-2008,DZA,Algeria,Africa,Upper-middle-income countries,2008,320331420,0.181
DZA-2009,DZA,Algeria,Africa,Upper-middle-income countries,2009,312314340,0.203
DZA-2010,DZA,Algeria,Africa,Upper-middle-income countries,2010,209922610,0.113
DZA-2011,DZA,Algeria,Africa,Upper-middle-income countries,2011,196544690,0.089
DZA-2012,DZA,Algeria,Africa,Upper-middle-income countries,2012,158895140,0.065
DZA-2013,DZA,Algeria,Africa,Upper-middle-income countries,2013,213430850,0.09
DZA-2014,DZA,Algeria,Africa,Upper-middle-income countries,2014,162980200,0.069
DZA-2015,DZA,Algeria,Africa,Upper-middle-income countries,2015,82784920,0.039
DZA-2016,DZA,Algeria,Africa,Upper-middle-income countries,2016,170520740,0.08
DZA-2017,DZA,Algeria,Africa,Upper-middle-income countries,2017,205310190,0.093
DZA-2018,DZA,Algeria,Africa,Upper-middle-income countries,2018,159161860,0.076
DZA-2019,DZA,Algeria,Africa,Lower-middle-income countries,2019,197337260,0.091
DZA-2020,DZA,Algeria,Africa,Lower-middle-income countries,2020,231708430,0.13
DZA-2021,DZA,Algeria,Africa,Lower-middle-income countries,2021,224687140,0.119
DZA-2022,DZA,Algeria,Africa,Lower-middle-income countries,2022,239207220,0.098
DZA-2023,DZA,Algeria,Africa,Upper-middle-income countries,2023,207552340,0.083
AGO-2004,AGO,Angola,Africa,Lower-middle-income countries,2004,1555491000,5.434
AGO-2005,AGO,Angola,Africa,Lower-middle-income countries,2005,527015870,1.259
AGO-2006,AGO,Angola,Africa,Lower-middle-income countries,2006,231130220,0.354
AGO-2007,AGO,Angola,Africa,Lower-middle-income countries,2007,289145600,0.451
AGO-2008,AGO,Angola,Africa,Lower-middle-income countries,2008,394287400,0.493
AGO-2009,AGO,Angola,Africa,Lower-middle-income countries,2009,272748300,0.376
AGO-2010,AGO,Angola,Africa,Lower-middle-income countries,2010,251786060,0.305
AGO-2011,AGO,Angola,Africa,Upper-middle-income countries,2011,213015140,0.189
AGO-2012,AGO,Angola,Africa,Upper-middle-income countries,2012,273181220,0.207
AGO-2013,AGO,Angola,Africa,Upper-middle-income countries,2013,314782460,0.233
AGO-2014,AGO,Angola,Africa,Upper-middle-income countries,2014,257289920,0.184
AGO-2015,AGO,Angola,Africa,Upper-middle-income countries,2015,393705380,0.442
AGO-2016,AGO,Angola,Africa,Lower-middle-income countries,2016,246688300,0.413
AGO-2017,AGO,Angola,Africa,Lower-middle-income countries,2017,259594940,0.323
AGO-2018,AGO,Angola,Africa,Lower-middle-income countries,2018,178368910,0.222
AGO-2019,AGO,Angola,Africa,Lower-middle-income countries,2019,24909994,0.035
AGO-2020,AGO,Angola,Africa,Lower-middle-income countries,2020,124839620,0.256
AGO-2021,AGO,Angola,Africa,Lower-middle-income countries,2021,260013090,0.408
AGO-2022,AGO,Angola,Africa,Lower-middle-income countries,2022,99226090,0.1
AGO-2023,AGO,Angola,Africa,Lower-middle-income countries,2023,150485010,0.192
AIA-2004,AIA,Anguilla,North America,,2004,3298789,1.332
AIA-2005,AIA,Anguilla,North America,,2005,4904296,1.721
AIA-2006,AIA,Anguilla,North America,,2006,5371388,1.519
AIA-2007,AIA,Anguilla,North America,,2007,6013183,1.48
AIA-2008,AIA,Anguilla,North America,,2008,3401802,0.965
AIA-2009,AIA,Anguilla,North America,,2009,1694457,0.505
AIA-2010,AIA,Anguilla,North America,,2010,9030356,3.063
AIA-2011,AIA,Anguilla,North America,,2011,341550,0.103
AIA-2012,AIA,Anguilla,North America,,2012,5543886,1.775
AIA-2013,AIA,Anguilla,North America,,2013,8173718.5,2.706
ATG-2004,ATG,Antigua and Barbuda,North America,Upper-middle-income countries,2004,1707544,0.196
ATG-2005,ATG,Antigua and Barbuda,North America,High-income countries,2005,7599674,0.74
ATG-2006,ATG,Antigua and Barbuda,North America,High-income countries,2006,3114901,0.265
ATG-2007,ATG,Antigua and Barbuda,North America,High-income countries,2007,5464269,0.353
ATG-2008,ATG,Antigua and Barbuda,North America,High-income countries,2008,5888973,0.409
ATG-2009,ATG,Antigua and Barbuda,North America,Upper-middle-income countries,2009,4400549,0.323
ATG-2010,ATG,Antigua and Barbuda,North America,Upper-middle-income countries,2010,17758982,1.548
ATG-2011,ATG,Antigua and Barbuda,North America,Upper-middle-income countries,2011,11560510,1.267
ATG-2012,ATG,Antigua and Barbuda,North America,High-income countries,2012,1843811,0.163
ATG-2013,ATG,Antigua and Barbuda,North America,High-income countries,2013,1581562,0.127
ATG-2014,ATG,Antigua and Barbuda,North America,High-income countries,2014,2538331,0.194
ATG-2015,ATG,Antigua and Barbuda,North America,High-income countries,2015,1197490,0.11
ATG-2016,ATG,Antigua and Barbuda,North America,High-income countries,2016,-1945540,0.013
ATG-2017,ATG,Antigua and Barbuda,North America,High-income countries,2017,11283987,0.706
ATG-2018,ATG,Antigua and Barbuda,North America,High-income countries,2018,19094102,1.111
ATG-2019,ATG,Antigua and Barbuda,North America,High-income countries,2019,30775154,1.659
ATG-2020,ATG,Antigua and Barbuda,North America,High-income countries,2020,28803532,1.845
ATG-2021,ATG,Antigua and Barbuda,North America,High-income countries,2021,5915707,0.397
ARG-2004,ARG,Argentina,South America,Upper-middle-income countries,2004,120870860,0.067
ARG-2005,ARG,Argentina,South America,Upper-middle-income countries,2005,112577750,0.053
ARG-2006,ARG,Argentina,South America,Upper-middle-income countries,2006,135015250,0.051
ARG-2007,ARG,Argentina,South America,Upper-middle-income countries,2007,97642910,0.032
ARG-2008,ARG,Argentina,South America,Upper-middle-income countries,2008,129255720,0.035
ARG-2009,ARG,Argentina,South America,Upper-middle-income countries,2009,120312330,0.036
ARG-2010,ARG,Argentina,South America,Upper-middle-income countries,2010,117092770,0.03
ARG-2011,ARG,Argentina,South America,Upper-middle-income countries,2011,100415050,0.019
ARG-2012,ARG,Argentina,South America,Upper-middle-income countries,2012,193083230,0.033
ARG-2013,ARG,Argentina,South America,Upper-middle-income countries,2013,38647800,0.006
ARG-2014,ARG,Argentina,South America,High-income countries,2014,50855110,0.009
ARG-2015,ARG,Argentina,South America,Upper-middle-income countries,2015,-25477598,-0.003
ARG-2016,ARG,Argentina,South America,Upper-middle-income countries,2016,7304237,0
ARG-2017,ARG,Argentina,South America,High-income countries,2017,1834707,0
ARG-2018,ARG,Argentina,South America,Upper-middle-income countries,2018,89364750,0.014
ARG-2019,ARG,Argentina,South America,Upper-middle-income countries,2019,19158518,0.002
ARG-2020,ARG,Argentina,South America,Upper-middle-income countries,2020,114761290,0.027
ARG-2021,ARG,Argentina,South America,Upper-middle-income countries,2021,162158380,0.033
ARG-2022,ARG,Argentina,South America,Upper-middle-income countries,2022,422393700,0.062
ARG-2023,ARG,Argentina,South America,Upper-middle-income countries,2023,268162600,0.041
ARM-2004,ARM,Armenia,Asia,Lower-middle-income countries,2004,351789860,6.876
ARM-2005,ARM,Armenia,Asia,Lower-middle-income countries,2005,231459780,3.381
ARM-2006,ARM,Armenia,Asia,Lower-middle-income countries,2006,277151420,3.221
ARM-2007,ARM,Armenia,Asia,Lower-middle-income countries,2007,396033440,3.626
ARM-2008,ARM,Armenia,Asia,Lower-middle-income countries,2008,329668060,2.396
ARM-2009,ARM,Armenia,Asia,Lower-middle-income countries,2009,429405950,4.503
ARM-2010,ARM,Armenia,Asia,Lower-middle-income countries,2010,319095040,3.056
ARM-2011,ARM,Armenia,Asia,Lower-middle-income countries,2011,422787070,3.58
ARM-2012,ARM,Armenia,Asia,Lower-middle-income countries,2012,303096030,2.45
ARM-2013,ARM,Armenia,Asia,Lower-middle-income countries,2013,305991400,2.375
ARM-2014,ARM,Armenia,Asia,Lower-middle-income countries,2014,287072830,2.204
ARM-2015,ARM,Armenia,Asia,Lower-middle-income countries,2015,420636480,3.164
ARM-2016,ARM,Armenia,Asia,Lower-middle-income countries,2016,394817300,3.025
ARM-2017,ARM,Armenia,Asia,Upper-middle-income countries,2017,306288700,2.158
ARM-2018,ARM,Armenia,Asia,Upper-middle-income countries,2018,162424700,1.12
ARM-2019,ARM,Armenia,Asia,Upper-middle-income countries,2019,478629900,3.029
ARM-2020,ARM,Armenia,Asia,Upper-middle-income countries,2020,146029650,1.026
ARM-2021,ARM,Armenia,Asia,Upper-middle-income countries,2021,175293300,1.208
ARM-2022,ARM,Armenia,Asia,Upper-middle-income countries,2022,338611650,1.587
ARM-2023,ARM,Armenia,Asia,Upper-middle-income countries,2023,209754320,0.869
AZE-2004,AZE,Azerbaijan,Asia,Lower-middle-income countries,2004,237487040,2.153
AZE-2005,AZE,Azerbaijan,Asia,Lower-middle-income countries,2005,270768580,1.793
AZE-2006,AZE,Azerbaijan,Asia,Lower-middle-income countries,2006,257226600,1.104
AZE-2007,AZE,Azerbaijan,Asia,Lower-middle-income countries,2007,246174670,0.756
AZE-2008,AZE,Azerbaijan,Asia,Lower-middle-income countries,2008,247233550,0.514
AZE-2009,AZE,Azerbaijan,Asia,Upper-middle-income countries,2009,246879730,0.53
AZE-2010,AZE,Azerbaijan,Asia,Upper-middle-income countries,2010,143918460,0.244
AZE-2011,AZE,Azerbaijan,Asia,Upper-middle-income countries,2011,256579840,0.468
AZE-2012,AZE,Azerbaijan,Asia,Upper-middle-income countries,2012,237821860,0.436
AZE-2013,AZE,Azerbaijan,Asia,Upper-middle-income countries,2013,-90229790,-0.101
AZE-2014,AZE,Azerbaijan,Asia,Upper-middle-income countries,2014,206758700,0.297
AZE-2015,AZE,Azerbaijan,Asia,Upper-middle-income countries,2015,76399380,0.135
AZE-2016,AZE,Azerbaijan,Asia,Upper-middle-income countries,2016,76747370,0.223
AZE-2017,AZE,Azerbaijan,Asia,Upper-middle-income countries,2017,131532710,0.314
AZE-2018,AZE,Azerbaijan,Asia,Upper-middle-income countries,2018,87451496,0.195
AZE-2019,AZE,Azerbaijan,Asia,Upper-middle-income countries,2019,137149520,0.26
AZE-2020,AZE,Azerbaijan,Asia,Upper-middle-income countries,2020,143125000,0.292
AZE-2021,AZE,Azerbaijan,Asia,Upper-middle-income countries,2021,34227550,0.02
AZE-2022,AZE,Azerbaijan,Asia,Upper-middle-income countries,2022,60897516,0.066
AZE-2023,AZE,Azerbaijan,Asia,Upper-middle-income countries,2023,130066500,0.178
BHR-2004,BHR,Bahrain,Asia,High-income countries,2004,75660660,0.463
BGD-2004,BGD,Bangladesh,Asia,Low-income countries,2004,1831623800,2.092
BGD-2005,BGD,Bangladesh,Asia,Low-income countries,2005,1578009300,1.725
BGD-2006,BGD,Bangladesh,Asia,Low-income countries,2006,1255552300,1.355
BGD-2007,BGD,Bangladesh,Asia,Low-income countries,2007,1465666800,1.545
BGD-2008,BGD,Bangladesh,Asia,Low-income countries,2008,1909677000,1.789
BGD-2009,BGD,Bangladesh,Asia,Low-income countries,2009,1238584000,0.979
BGD-2010,BGD,Bangladesh,Asia,Low-income countries,2010,1375550800,0.979
BGD-2011,BGD,Bangladesh,Asia,Low-income countries,2011,1503316900,1.036
BGD-2012,BGD,Bangladesh,Asia,Low-income countries,2012,2211432400,1.49
BGD-2013,BGD,Bangladesh,Asia,Low-income countries,2013,2728823000,1.625
BGD-2014,BGD,Bangladesh,Asia,Lower-middle-income countries,2014,2515325400,1.314
BGD-2015,BGD,Bangladesh,Asia,Lower-middle-income countries,2015,2962220300,1.248
BGD-2016,BGD,Bangladesh,Asia,Lower-middle-income countries,2016,2873099800,0.913
BGD-2017,BGD,Bangladesh,Asia,Lower-middle-income countries,2017,3995544600,1.245
BGD-2018,BGD,Bangladesh,Asia,Lower-middle-income countries,2018,3076503300,0.911
BGD-2019,BGD,Bangladesh,Asia,Lower-middle-income countries,2019,4651076000,1.199
BGD-2020,BGD,Bangladesh,Asia,Lower-middle-income countries,2020,5301985000,1.38
BGD-2021,BGD,Bangladesh,Asia,Lower-middle-income countries,2021,4811552000,1.162
BGD-2022,BGD,Bangladesh,Asia,Lower-middle-income countries,2022,5273188000,1.088
BGD-2023,BGD,Bangladesh,Asia,Lower-middle-income countries,2023,5780885500,1.268
BRB-2004,BRB,Barbados,North America,Upper-middle-income countries,2004,38768988,0.91
BRB-2005,BRB,Barbados,North America,Upper-middle-income countries,2005,-846960,-0.017
BRB-2006,BRB,Barbados,North America,High-income countries,2006,-492586,-0.022
BRB-2007,BRB,Barbados,North America,High-income countries,2007,20831624,0.417
BRB-2008,BRB,Barbados,North America,High-income countries,2008,9800420,0.204
BRB-2009,BRB,Barbados,North America,High-income countries,2009,12865761,0.275
BRB-2010,BRB,Barbados,North America,High-income countries,2010,16480877,0.307
BLR-2005,BLR,Belarus,Europe,Lower-middle-income countries,2005,76244030,0.192
BLR-2006,BLR,Belarus,Europe,Lower-middle-income countries,2006,96168060,0.203
BLR-2007,BLR,Belarus,Europe,Upper-middle-income countries,2007,100730790,0.19
BLR-2008,BLR,Belarus,Europe,Upper-middle-income countries,2008,119282390,0.185
BLR-2009,BLR,Belarus,Europe,Upper-middle-income countries,2009,113676824,0.197
BLR-2010,BLR,Belarus,Europe,Upper-middle-income countries,2010,157719740,0.241
BLR-2011,BLR,Belarus,Europe,Upper-middle-income countries,2011,126988280,0.196
BLR-2012,BLR,Belarus,Europe,Upper-middle-income countries,2012,116823720,0.16
BLR-2013,BLR,Belarus,Europe,Upper-middle-income countries,2013,119721690,0.147
BLR-2014,BLR,Belarus,Europe,Upper-middle-income countries,2014,129725550,0.158
BLR-2015,BLR,Belarus,Europe,Upper-middle-income countries,2015,130344090,0.193
BLR-2016,BLR,Belarus,Europe,Upper-middle-income countries,2016,-20860694,-0.049
BLR-2017,BLR,Belarus,Europe,Upper-middle-income countries,2017,-286700350,-0.475
BLR-2018,BLR,Belarus,Europe,Upper-middle-income countries,2018,139927730,0.206
BLR-2019,BLR,Belarus,Europe,Upper-middle-income countries,2019,252577780,0.341
BLR-2020,BLR,Belarus,Europe,Upper-middle-income countries,2020,377592800,0.555
BLR-2021,BLR,Belarus,Europe,Upper-middle-income countries,2021,159205780,0.21
BLR-2022,BLR,Belarus,Europe,Upper-middle-income countries,2022,24230246,0.025
BLR-2023,BLR,Belarus,Europe,Upper-middle-income countries,2023,121720744,0.164
BLZ-2004,BLZ,Belize,North America,Upper-middle-income countries,2004,8488224,0.521
BLZ-2005,BLZ,Belize,North America,Upper-middle-income countries,2005,13922491,0.861
BLZ-2006,BLZ,Belize,North America,Upper-middle-income countries,2006,8921028,0.528
BLZ-2007,BLZ,Belize,North America,Upper-middle-income countries,2007,24363834,1.375
BLZ-2008,BLZ,Belize,North America,Lower-middle-income countries,2008,24689678,1.485
BLZ-2009,BLZ,Belize,North America,Lower-middle-income countries,2009,29020330,1.642
BLZ-2010,BLZ,Belize,North America,Lower-middle-income countries,2010,24222308,1.522
BLZ-2011,BLZ,Belize,North America,Lower-middle-income countries,2011,21804298,1.213
BLZ-2012,BLZ,Belize,North America,Upper-middle-income countries,2012,28308746,1.465
BLZ-2013,BLZ,Belize,North America,Upper-middle-income countries,2013,57046170,2.679
BLZ-2014,BLZ,Belize,North America,Upper-middle-income countries,2014,39661356,1.878
BLZ-2015,BLZ,Belize,North America,Upper-middle-income countries,2015,33426686,1.347
BLZ-2016,BLZ,Belize,North America,Upper-middle-income countries,2016,41893588,1.642
BLZ-2017,BLZ,Belize,North America,Upper-middle-income countries,2017,40016856,1.598
BLZ-2018,BLZ,Belize,North America,Upper-middle-income countries,2018,38074696,1.583
BLZ-2019,BLZ,Belize,North America,Upper-middle-income countries,2019,40925460,1.609
BLZ-2020,BLZ,Belize,North America,Lower-middle-income countries,2020,77769100,3.523
BLZ-2021,BLZ,Belize,North America,Upper-middle-income countries,2021,81753464,3.324
BLZ-2022,BLZ,Belize,North America,Upper-middle-income countries,2022,22710220,0.775
BLZ-2023,BLZ,Belize,North America,Upper-middle-income countries,2023,32624584,1.08
BEN-2004,BEN,Benin,Africa,Low-income countries,2004,508421860,6.367
BEN-2005,BEN,Benin,Africa,Low-income countries,2005,442060480,5.329
BEN-2006,BEN,Benin,Africa,Low-income countries,2006,493140000,5.715
BEN-2007,BEN,Benin,Africa,Low-income countries,2007,539867600,5.853
BEN-2008,BEN,Benin,Africa,Low-income countries,2008,673060740,6.513
BEN-2009,BEN,Benin,Africa,Low-income countries,2009,743628900,6.982
BEN-2010,BEN,Benin,Africa,Low-income countries,2010,678723260,6.339
BEN-2011,BEN,Benin,Africa,Low-income countries,2011,750889150,6.299
BEN-2012,BEN,Benin,Africa,Low-income countries,2012,554701600,4.586
BEN-2013,BEN,Benin,Africa,Low-income countries,2013,697885900,5.303
BEN-2014,BEN,Benin,Africa,Low-income countries,2014,645074100,4.532
BEN-2015,BEN,Benin,Africa,Low-income countries,2015,525287170,3.856
BEN-2016,BEN,Benin,Africa,Low-income countries,2016,606932300,4.25
BEN-2017,BEN,Benin,Africa,Low-income countries,2017,805169500,5.367
BEN-2018,BEN,Benin,Africa,Low-income countries,2018,648834240,4.045
BEN-2019,BEN,Benin,Africa,Lower-middle-income countries,2019,688054800,4.149
BEN-2020,BEN,Benin,Africa,Lower-middle-income countries,2020,1171591600,6.75
BEN-2021,BEN,Benin,Africa,Lower-middle-income countries,2021,904814460,4.866
BEN-2022,BEN,Benin,Africa,Lower-middle-income countries,2022,922609700,4.904
BEN-2023,BEN,Benin,Africa,Lower-middle-income countries,2023,1085320200,5.436
BTN-2004,BTN,Bhutan,Asia,Low-income countries,2004,90232990,10.032
BTN-2005,BTN,Bhutan,Asia,Low-income countries,2005,93636024,9.277
BTN-2006,BTN,Bhutan,Asia,Lower-middle-income countries,2006,106909790,9.842
BTN-2007,BTN,Bhutan,Asia,Lower-middle-income countries,2007,104242170,7.719
BTN-2008,BTN,Bhutan,Asia,Lower-middle-income countries,2008,77535000,6.154
BTN-2009,BTN,Bhutan,Asia,Lower-middle-income countries,2009,102632090,7.914
BTN-2010,BTN,Bhutan,Asia,Lower-middle-income countries,2010,75304010,5.39
BTN-2011,BTN,Bhutan,Asia,Lower-middle-income countries,2011,108185730,6.365
BTN-2012,BTN,Bhutan,Asia,Lower-middle-income countries,2012,151215200,8.828
BTN-2013,BTN,Bhutan,Asia,Lower-middle-income countries,2013,137485330,7.516
BTN-2014,BTN,Bhutan,Asia,Lower-middle-income countries,2014,132461780,6.686
BTN-2015,BTN,Bhutan,Asia,Lower-middle-income countries,2015,110191540,4.757
BTN-2016,BTN,Bhutan,Asia,Lower-middle-income countries,2016,53666044,2.376
BTN-2017,BTN,Bhutan,Asia,Lower-middle-income countries,2017,128641710,4.983
BTN-2018,BTN,Bhutan,Asia,Lower-middle-income countries,2018,115516220,4.567
BTN-2019,BTN,Bhutan,Asia,Lower-middle-income countries,2019,195049740,7.17
BTN-2020,BTN,Bhutan,Asia,Lower-middle-income countries,2020,218748220,8.799
BTN-2021,BTN,Bhutan,Asia,Lower-middle-income countries,2021,131504440,4.915
BTN-2022,BTN,Bhutan,Asia,Lower-middle-income countries,2022,203947780,7.103
BTN-2023,BTN,Bhutan,Asia,Lower-middle-income countries,2023,156449220,5.497
BOL-2004,BOL,Bolivia,South America,Lower-middle-income countries,2004,925193400,8.424
BOL-2005,BOL,Bolivia,South America,Lower-middle-income countries,2005,710418050,5.918
BOL-2006,BOL,Bolivia,South America,Lower-middle-income countries,2006,997695550,7.305
BOL-2007,BOL,Bolivia,South America,Lower-middle-income countries,2007,528216740,3.474
BOL-2008,BOL,Bolivia,South America,Lower-middle-income countries,2008,643164200,3.651
BOL-2009,BOL,Bolivia,South America,Lower-middle-income countries,2009,675093400,3.67
BOL-2010,BOL,Bolivia,South America,Lower-middle-income countries,2010,551131840,2.738
BOL-2011,BOL,Bolivia,South America,Lower-middle-income countries,2011,558949800,2.376
BOL-2012,BOL,Bolivia,South America,Lower-middle-income countries,2012,714182100,2.6
BOL-2013,BOL,Bolivia,South America,Lower-middle-income countries,2013,738525300,2.443
BOL-2014,BOL,Bolivia,South America,Lower-middle-income countries,2014,711508800,2.155
BOL-2015,BOL,Bolivia,South America,Lower-middle-income countries,2015,932185100,2.483
BOL-2016,BOL,Bolivia,South America,Lower-middle-income countries,2016,827197000,2.09
BOL-2017,BOL,Bolivia,South America,Lower-middle-income countries,2017,1098404600,2.608
BOL-2018,BOL,Bolivia,South America,Lower-middle-income countries,2018,808804600,1.854
BOL-2019,BOL,Bolivia,South America,Lower-middle-income countries,2019,796676540,1.771
BOL-2020,BOL,Bolivia,South America,Lower-middle-income countries,2020,371413470,0.94
BOL-2021,BOL,Bolivia,South America,Lower-middle-income countries,2021,517333250,1.29
BOL-2022,BOL,Bolivia,South America,Lower-middle-income countries,2022,360724260,0.785
BOL-2023,BOL,Bolivia,South America,Lower-middle-income countries,2023,781462600,1.743
BIH-2004,BIH,Bosnia and Herzegovina,Europe,Lower-middle-income countries,2004,898947900,6.181
BIH-2005,BIH,Bosnia and Herzegovina,Europe,Lower-middle-income countries,2005,687053800,4.618
BIH-2006,BIH,Bosnia and Herzegovina,Europe,Lower-middle-income countries,2006,660597900,4.05
BIH-2007,BIH,Bosnia and Herzegovina,Europe,Lower-middle-income countries,2007,673577150,3.687
BIH-2008,BIH,Bosnia and Herzegovina,Europe,Upper-middle-income countries,2008,484860540,2.346
BIH-2009,BIH,Bosnia and Herzegovina,Europe,Upper-middle-income countries,2009,454175000,2.282
BIH-2010,BIH,Bosnia and Herzegovina,Europe,Upper-middle-income countries,2010,450819840,2.362
BIH-2011,BIH,Bosnia and Herzegovina,Europe,Upper-middle-income countries,2011,651096800,3.33
BIH-2012,BIH,Bosnia and Herzegovina,Europe,Upper-middle-income countries,2012,618428100,3.272
BIH-2013,BIH,Bosnia and Herzegovina,Europe,Upper-middle-income countries,2013,546302140,2.829
BIH-2014,BIH,Bosnia and Herzegovina,Europe,Upper-middle-income countries,2014,657123260,3.368
BIH-2015,BIH,Bosnia and Herzegovina,Europe,Upper-middle-income countries,2015,426427900,2.158
BIH-2016,BIH,Bosnia and Herzegovina,Europe,Upper-middle-income countries,2016,535561020,2.603
BIH-2017,BIH,Bosnia and Herzegovina,Europe,Upper-middle-income countries,2017,522339900,2.424
BIH-2018,BIH,Bosnia and Herzegovina,Europe,Upper-middle-income countries,2018,396814850,1.748
BIH-2019,BIH,Bosnia and Herzegovina,Europe,Upper-middle-income countries,2019,542371600,2.257
BIH-2020,BIH,Bosnia and Herzegovina,Europe,Upper-middle-income countries,2020,496051460,2.187
BIH-2021,BIH,Bosnia and Herzegovina,Europe,Upper-middle-income countries,2021,604883700,2.42
BIH-2022,BIH,Bosnia and Herzegovina,Europe,Upper-middle-income countries,2022,319789380,1.177
BIH-2023,BIH,Bosnia and Herzegovina,Europe,Upper-middle-income countries,2023,319303330,1.122
BWA-2004,BWA,Botswana,Africa,Upper-middle-income countries,2004,67523140,0.583
BWA-2005,BWA,Botswana,Africa,Upper-middle-income countries,2005,66504500,0.531
BWA-2006,BWA,Botswana,Africa,Upper-middle-income countries,2006,87664264,0.711
BWA-2007,BWA,Botswana,Africa,Upper-middle-income countries,2007,130800520,1.03
BWA-2008,BWA,Botswana,Africa,Upper-middle-income countries,2008,863488450,7.092
BWA-2009,BWA,Botswana,Africa,Upper-middle-income countries,2009,378356450,2.815
BWA-2010,BWA,Botswana,Africa,Upper-middle-income countries,2010,184461260,1.261
BWA-2011,BWA,Botswana,Africa,Upper-middle-income countries,2011,147727950,0.789
BWA-2012,BWA,Botswana,Africa,Upper-middle-income countries,2012,89643830,0.516
BWA-2013,BWA,Botswana,Africa,Upper-middle-income countries,2013,130623720,0.788
BWA-2014,BWA,Botswana,Africa,Upper-middle-income countries,2014,117946904,0.663
BWA-2015,BWA,Botswana,Africa,Upper-middle-income countries,2015,82769280,0.501
BWA-2016,BWA,Botswana,Africa,Upper-middle-income countries,2016,110459100,0.657
BWA-2017,BWA,Botswana,Africa,Upper-middle-income countries,2017,121438420,0.693
BWA-2018,BWA,Botswana,Africa,Upper-middle-income countries,2018,99059160,0.556
BWA-2019,BWA,Botswana,Africa,Upper-middle-income countries,2019,79706120,0.405
BWA-2020,BWA,Botswana,Africa,Upper-middle-income countries,2020,91207540,0.535
BWA-2021,BWA,Botswana,Africa,Upper-middle-income countries,2021,104839224,0.52
BWA-2022,BWA,Botswana,Africa,Upper-middle-income countries,2022,96556430,0.446
BWA-2023,BWA,Botswana,Africa,Upper-middle-income countries,2023,284014300,1.464
BRA-2004,BRA,Brazil,South America,Lower-middle-income countries,2004,192250160,0.027
BRA-2005,BRA,Brazil,South America,Lower-middle-income countries,2005,255662610,0.025
BRA-2006,BRA,Brazil,South America,Upper-middle-income countries,2006,124155080,0.01
BRA-2007,BRA,Brazil,South America,Upper-middle-income countries,2007,359986850,0.024
BRA-2008,BRA,Brazil,South America,Upper-middle-income countries,2008,464014200,0.028
BRA-2009,BRA,Brazil,South America,Upper-middle-income countries,2009,442146850,0.023
BRA-2010,BRA,Brazil,South America,Upper-middle-income countries,2010,521179200,0.02
BRA-2011,BRA,Brazil,South America,Upper-middle-income countries,2011,802269500,0.033
BRA-2012,BRA,Brazil,South America,Upper-middle-income countries,2012,1426751000,0.054
BRA-2013,BRA,Brazil,South America,Upper-middle-income countries,2013,1040442100,0.047
BRA-2014,BRA,Brazil,South America,Upper-middle-income countries,2014,929793100,0.038
BRA-2015,BRA,Brazil,South America,Upper-middle-income countries,2015,1204127700,0.057
BRA-2016,BRA,Brazil,South America,Upper-middle-income countries,2016,825432000,0.038
BRA-2017,BRA,Brazil,South America,Upper-middle-income countries,2017,330766700,0.014
BRA-2018,BRA,Brazil,South America,Upper-middle-income countries,2018,498789980,0.024
BRA-2019,BRA,Brazil,South America,Upper-middle-income countries,2019,332747420,0.015
BRA-2020,BRA,Brazil,South America,Upper-middle-income countries,2020,667774100,0.042
BRA-2021,BRA,Brazil,South America,Upper-middle-income countries,2021,1088335000,0.069
BRA-2022,BRA,Brazil,South America,Upper-middle-income countries,2022,638213100,0.031
BRA-2023,BRA,Brazil,South America,Upper-middle-income countries,2023,710178500,0.033
BFA-2004,BFA,Burkina Faso,Africa,Low-income countries,2004,846088600,11.975
BFA-2005,BFA,Burkina Faso,Africa,Low-income countries,2005,886069060,11.48
BFA-2006,BFA,Burkina Faso,Africa,Low-income countries,2006,1104019700,13.793
BFA-2007,BFA,Burkina Faso,Africa,Low-income countries,2007,1057965700,12.399
BFA-2008,BFA,Burkina Faso,Africa,Low-income countries,2008,1054234600,10.625
BFA-2009,BFA,Burkina Faso,Africa,Low-income countries,2009,1185958900,11.612
BFA-2010,BFA,Burkina Faso,Africa,Low-income countries,2010,926038300,8.624
BFA-2011,BFA,Burkina Faso,Africa,Low-income countries,2011,1014368060,8.47
BFA-2012,BFA,Burkina Faso,Africa,Low-income countries,2012,1250188300,9.412
BFA-2013,BFA,Burkina Faso,Africa,Low-income countries,2013,1132118000,7.989
BFA-2014,BFA,Burkina Faso,Africa,Low-income countries,2014,1223908500,8.422
BFA-2015,BFA,Burkina Faso,Africa,Low-income countries,2015,1193267100,8.841
BFA-2016,BFA,Burkina Faso,Africa,Low-income countries,2016,1229753600,8.396
BFA-2017,BFA,Burkina Faso,Africa,Low-income countries,2017,1045595840,6.571
BFA-2018,BFA,Burkina Faso,Africa,Low-income countries,2018,1331482000,7.717
BFA-2019,BFA,Burkina Faso,Africa,Low-income countries,2019,1269880000,7.234
BFA-2020,BFA,Burkina Faso,Africa,Low-income countries,2020,1915074600,10.127
BFA-2021,BFA,Burkina Faso,Africa,Low-income countries,2021,1677278800,8.584
BFA-2022,BFA,Burkina Faso,Africa,Low-income countries,2022,1499468200,7.722
BFA-2023,BFA,Burkina Faso,Africa,Low-income countries,2023,1513272400,7.582
BDI-2004,BDI,Burundi,Africa,Low-income countries,2004,477250750,40.408
BDI-2005,BDI,Burundi,Africa,Low-income countries,2005,477229400,33.265
BDI-2006,BDI,Burundi,Africa,Low-income countries,2006,532706000,34.152
BDI-2007,BDI,Burundi,Africa,Low-income countries,2007,568868300,37.374
BDI-2008,BDI,Burundi,Africa,Low-income countries,2008,551450430,32.365
BDI-2009,BDI,Burundi,Africa,Low-income countries,2009,635237600,32.639
BDI-2010,BDI,Burundi,Africa,Low-income countries,2010,569266800,25.727
BDI-2011,BDI,Burundi,Africa,Low-income countries,2011,602327360,25.8
BDI-2012,BDI,Burundi,Africa,Low-income countries,2012,565779400,22.526
BDI-2013,BDI,Burundi,Africa,Low-income countries,2013,591526460,22.782
BDI-2014,BDI,Burundi,Africa,Low-income countries,2014,552837900,19.103
BDI-2015,BDI,Burundi,Africa,Low-income countries,2015,448244700,11.821
BDI-2016,BDI,Burundi,Africa,Low-income countries,2016,928437600,28.098
BDI-2017,BDI,Burundi,Africa,Low-income countries,2017,520732200,15.993
BDI-2018,BDI,Burundi,Africa,Low-income countries,2018,511244060,16.888
BDI-2019,BDI,Burundi,Africa,Low-income countries,2019,640679600,21.499
BDI-2020,BDI,Burundi,Africa,Low-income countries,2020,542152000,18.11
BDI-2021,BDI,Burundi,Africa,Low-income countries,2021,642258900,21.907
BDI-2022,BDI,Burundi,Africa,Low-income countries,2022,624382140,17.137
BDI-2023,BDI,Burundi,Africa,Low-income countries,2023,661646500,24.397
KHM-2004,KHM,Cambodia,Asia,Low-income countries,2004,496942660,7.18
KHM-2005,KHM,Cambodia,Asia,Low-income countries,2005,542544640,6.681
KHM-2006,KHM,Cambodia,Asia,Low-income countries,2006,556614600,5.931
KHM-2007,KHM,Cambodia,Asia,Low-income countries,2007,701622900,6.49
KHM-2008,KHM,Cambodia,Asia,Low-income countries,2008,639281340,5.214
KHM-2009,KHM,Cambodia,Asia,Low-income countries,2009,675751400,5.293
KHM-2010,KHM,Cambodia,Asia,Low-income countries,2010,660468860,4.81
KHM-2011,KHM,Cambodia,Asia,Low-income countries,2011,661010400,4.464
KHM-2012,KHM,Cambodia,Asia,Low-income countries,2012,778004400,4.71
KHM-2013,KHM,Cambodia,Asia,Low-income countries,2013,802435100,4.258
KHM-2014,KHM,Cambodia,Asia,Low-income countries,2014,809606460,3.802
KHM-2015,KHM,Cambodia,Asia,Lower-middle-income countries,2015,768102700,2.93
KHM-2016,KHM,Cambodia,Asia,Lower-middle-income countries,2016,810630100,2.856
KHM-2017,KHM,Cambodia,Asia,Lower-middle-income countries,2017,920339100,3.035
KHM-2018,KHM,Cambodia,Asia,Lower-middle-income countries,2018,821373630,2.462
KHM-2019,KHM,Cambodia,Asia,Lower-middle-income countries,2019,1041117200,2.761
KHM-2020,KHM,Cambodia,Asia,Lower-middle-income countries,2020,1429693000,4.078
KHM-2021,KHM,Cambodia,Asia,Lower-middle-income countries,2021,1295851900,3.876
KHM-2022,KHM,Cambodia,Asia,Lower-middle-income countries,2022,1588114000,4.029
KHM-2023,KHM,Cambodia,Asia,Lower-middle-income countries,2023,1592819700,3.821
CMR-2004,CMR,Cameroon,Africa,Low-income countries,2004,1011264900,4.238
CMR-2005,CMR,Cameroon,Africa,Lower-middle-income countries,2005,532893920,2.19
CMR-2006,CMR,Cameroon,Africa,Lower-middle-income countries,2006,2118282000,8.308
CMR-2007,CMR,Cameroon,Africa,Lower-middle-income countries,2007,2143586400,8.281
CMR-2008,CMR,Cameroon,Africa,Lower-middle-income countries,2008,578274560,2.021
CMR-2009,CMR,Cameroon,Africa,Lower-middle-income countries,2009,711890200,2.314
CMR-2010,CMR,Cameroon,Africa,Lower-middle-income countries,2010,485796770,1.67
CMR-2011,CMR,Cameroon,Africa,Lower-middle-income countries,2011,626705600,2.018
CMR-2012,CMR,Cameroon,Africa,Lower-middle-income countries,2012,647090400,2.01
CMR-2013,CMR,Cameroon,Africa,Lower-middle-income countries,2013,784334340,2.271
CMR-2014,CMR,Cameroon,Africa,Lower-middle-income countries,2014,893522370,2.398
CMR-2015,CMR,Cameroon,Africa,Lower-middle-income countries,2015,785877440,2.09
CMR-2016,CMR,Cameroon,Africa,Lower-middle-income countries,2016,898120060,2.275
CMR-2017,CMR,Cameroon,Africa,Lower-middle-income countries,2017,1411360000,3.434
CMR-2018,CMR,Cameroon,Africa,Lower-middle-income countries,2018,1295577700,2.972
CMR-2019,CMR,Cameroon,Africa,Lower-middle-income countries,2019,1471846500,3.346
CMR-2020,CMR,Cameroon,Africa,Lower-middle-income countries,2020,1560779000,3.511
CMR-2021,CMR,Cameroon,Africa,Lower-middle-income countries,2021,1191712800,2.58
CMR-2022,CMR,Cameroon,Africa,Lower-middle-income countries,2022,1284664700,2.745
CMR-2023,CMR,Cameroon,Africa,Lower-middle-income countries,2023,970301000,1.963
CPV-2004,CPV,Cape Verde,Africa,Lower-middle-income countries,2004,195358060,15.853
CPV-2005,CPV,Cape Verde,Africa,Lower-middle-income countries,2005,217609280,17.345
CPV-2006,CPV,Cape Verde,Africa,Lower-middle-income countries,2006,178035070,13.087
CPV-2007,CPV,Cape Verde,Africa,Lower-middle-income countries,2007,190625500,10.263
CPV-2008,CPV,Cape Verde,Africa,Lower-middle-income countries,2008,241524140,11.599
CPV-2009,CPV,Cape Verde,Africa,Lower-middle-income countries,2009,217455180,10.877
CPV-2010,CPV,Cape Verde,Africa,Lower-middle-income countries,2010,343930460,17.396
CPV-2011,CPV,Cape Verde,Africa,Lower-middle-income countries,2011,258597230,12.734
CPV-2012,CPV,Cape Verde,Africa,Lower-middle-income countries,2012,278089540,13.357
CPV-2013,CPV,Cape Verde,Africa,Lower-middle-income countries,2013,264875120,12.483
CPV-2014,CPV,Cape Verde,Africa,Lower-middle-income countries,2014,249858350,11.872
CPV-2015,CPV,Cape Verde,Africa,Lower-middle-income countries,2015,185235520,9.062
CPV-2016,CPV,Cape Verde,Africa,Lower-middle-income countries,2016,139814640,6.438
CPV-2017,CPV,Cape Verde,Africa,Lower-middle-income countries,2017,145070130,6.354
CPV-2018,CPV,Cape Verde,Africa,Lower-middle-income countries,2018,92475550,3.905
CPV-2019,CPV,Cape Verde,Africa,Lower-middle-income countries,2019,175249650,6.92
CPV-2020,CPV,Cape Verde,Africa,Lower-middle-income countries,2020,177908400,8.933
CPV-2021,CPV,Cape Verde,Africa,Lower-middle-income countries,2021,153689150,7.24
CPV-2022,CPV,Cape Verde,Africa,Lower-middle-income countries,2022,91026190,3.782
CPV-2023,CPV,Cape Verde,Africa,Lower-middle-income countries,2023,113572776,4.421
CAF-2004,CAF,Central African Republic,Africa,Low-income countries,2004,142105940,8.742
CAF-2005,CAF,Central African Republic,Africa,Low-income countries,2005,114069860,6.699
CAF-2006,CAF,Central African Republic,Africa,Low-income countries,2006,166102600,9.213
CAF-2007,CAF,Central African Republic,Africa,Low-income countries,2007,200199970,10.658
CAF-2008,CAF,Central African Republic,Africa,Low-income countries,2008,284100960,13.217
CAF-2009,CAF,Central African Republic,Africa,Low-income countries,2009,268340400,11.694
CAF-2010,CAF,Central African Republic,Africa,Low-income countries,2010,270157860,11.294
CAF-2011,CAF,Central African Republic,Africa,Low-income countries,2011,263432290,10.979
CAF-2012,CAF,Central African Republic,Africa,Low-income countries,2012,242521820,9.045
CAF-2013,CAF,Central African Republic,Africa,Low-income countries,2013,214790200,11.882
CAF-2014,CAF,Central African Republic,Africa,Low-income countries,2014,648342800,31.906
CAF-2015,CAF,Central African Republic,Africa,Low-income countries,2015,584480830,28.359
CAF-2016,CAF,Central African Republic,Africa,Low-income countries,2016,610208400,27.422
CAF-2017,CAF,Central African Republic,Africa,Low-income countries,2017,603246900,23.507
CAF-2018,CAF,Central African Republic,Africa,Low-income countries,2018,721262460,26.856
CAF-2019,CAF,Central African Republic,Africa,Low-income countries,2019,782351600,28.392
CAF-2020,CAF,Central African Republic,Africa,Low-income countries,2020,934120100,33.94
CAF-2021,CAF,Central African Republic,Africa,Low-income countries,2021,698258370,24.563
CAF-2022,CAF,Central African Republic,Africa,Low-income countries,2022,738207500,27.256
CAF-2023,CAF,Central African Republic,Africa,Low-income countries,2023,764170560,27.533
TCD-2004,TCD,Chad,Africa,Low-income countries,2004,443326340,8.91
TCD-2005,TCD,Chad,Africa,Low-income countries,2005,506934300,5.064
TCD-2006,TCD,Chad,Africa,Low-income countries,2006,364059900,3.421
TCD-2007,TCD,Chad,Africa,Low-income countries,2007,427149980,3.807
TCD-2008,TCD,Chad,Africa,Low-income countries,2008,484114980,3.771
TCD-2009,TCD,Chad,Africa,Low-income countries,2009,655172540,4.68
TCD-2010,TCD,Chad,Africa,Low-income countries,2010,578157440,3.608
TCD-2011,TCD,Chad,Africa,Low-income countries,2011,498209800,2.796
TCD-2012,TCD,Chad,Africa,Low-income countries,2012,531440480,2.701
TCD-2013,TCD,Chad,Africa,Low-income countries,2013,508114270,2.659
TCD-2014,TCD,Chad,Africa,Low-income countries,2014,419014050,2.234
TCD-2015,TCD,Chad,Africa,Low-income countries,2015,728496700,4.263
TCD-2016,TCD,Chad,Africa,Low-income countries,2016,754225700,4.863
TCD-2017,TCD,Chad,Africa,Low-income countries,2017,758467200,4.91
TCD-2018,TCD,Chad,Africa,Low-income countries,2018,987032700,5.773
TCD-2019,TCD,Chad,Africa,Low-income countries,2019,739459500,4.367
TCD-2020,TCD,Chad,Africa,Low-income countries,2020,1157534700,7.031
TCD-2021,TCD,Chad,Africa,Low-income countries,2021,771017800,4.385
TCD-2022,TCD,Chad,Africa,Low-income countries,2022,763129540,3.98
TCD-2023,TCD,Chad,Africa,Low-income countries,2023,1147871600,5.925
CHL-2004,CHL,Chile,South America,Upper-middle-income countries,2004,89487624,0.059
CHL-2005,CHL,Chile,South America,Upper-middle-income countries,2005,210394560,0.152
CHL-2006,CHL,Chile,South America,Upper-middle-income countries,2006,117834536,0.072
CHL-2007,CHL,Chile,South America,Upper-middle-income countries,2007,112608696,0.068
CHL-2008,CHL,Chile,South America,Upper-middle-income countries,2008,99638424,0.062
CHL-2009,CHL,Chile,South America,Upper-middle-income countries,2009,77394870,0.047
CHL-2010,CHL,Chile,South America,Upper-middle-income countries,2010,192838180,0.088
CHL-2011,CHL,Chile,South America,Upper-middle-income countries,2011,169466020,0.07
CHL-2012,CHL,Chile,South America,High-income countries,2012,128961820,0.051
CHL-2013,CHL,Chile,South America,High-income countries,2013,82206490,0.03
CHL-2014,CHL,Chile,South America,High-income countries,2014,262130900,0.099
CHL-2015,CHL,Chile,South America,High-income countries,2015,63959860,0.023
CHL-2016,CHL,Chile,South America,High-income countries,2016,221855920,0.074
CHL-2017,CHL,Chile,South America,High-income countries,2017,82636120,0.026
CHN-2004,CHN,China,Asia,Lower-middle-income countries,2004,1697870200,0.086
CHN-2005,CHN,China,Asia,Lower-middle-income countries,2005,1754785000,0.078
CHN-2006,CHN,China,Asia,Lower-middle-income countries,2006,1332986200,0.046
CHN-2007,CHN,China,Asia,Lower-middle-income countries,2007,1492519400,0.04
CHN-2008,CHN,China,Asia,Lower-middle-income countries,2008,1296032900,0.028
CHN-2009,CHN,China,Asia,Lower-middle-income countries,2009,1179584800,0.022
CHN-2010,CHN,China,Asia,Upper-middle-income countries,2010,1170561200,0.016
CHN-2011,CHN,China,Asia,Upper-middle-income countries,2011,-472231200,-0.008
CHN-2012,CHN,China,Asia,Upper-middle-income countries,2012,239169580,-0.002
CHN-2013,CHN,China,Asia,Upper-middle-income countries,2013,-436248450,-0.007
CHN-2014,CHN,China,Asia,Upper-middle-income countries,2014,-758602200,-0.009
CHN-2015,CHN,China,Asia,Upper-middle-income countries,2015,-87112730,-0.003
CHN-2016,CHN,China,Asia,Upper-middle-income countries,2016,-514579600,-0.007
CHN-2017,CHN,China,Asia,Upper-middle-income countries,2017,-790773900,-0.008
CHN-2018,CHN,China,Asia,Upper-middle-income countries,2018,-470170500,-0.005
CHN-2019,CHN,China,Asia,Upper-middle-income countries,2019,-354423800,-0.004
CHN-2020,CHN,China,Asia,Upper-middle-income countries,2020,-308671200,-0.004
CHN-2021,CHN,China,Asia,Upper-middle-income countries,2021,-362825340,-0.003
CHN-2022,CHN,China,Asia,Upper-middle-income countries,2022,-190823740,-0.002
CHN-2023,CHN,China,Asia,Upper-middle-income countries,2023,-235764000,-0.001
COL-2004,COL,Colombia,South America,Lower-middle-income countries,2004,811923400,0.474
COL-2005,COL,Colombia,South America,Lower-middle-income countries,2005,940380400,0.453
COL-2006,COL,Colombia,South America,Lower-middle-income countries,2006,1421500000,0.638
COL-2007,COL,Colombia,South America,Lower-middle-income countries,2007,954710200,0.371
COL-2008,COL,Colombia,South America,Upper-middle-income countries,2008,1256160900,0.418
COL-2009,COL,Colombia,South America,Upper-middle-income countries,2009,1355363700,0.47
COL-2010,COL,Colombia,South America,Upper-middle-income countries,2010,782965760,0.24
COL-2011,COL,Colombia,South America,Upper-middle-income countries,2011,1192083500,0.316
COL-2012,COL,Colombia,South America,Upper-middle-income countries,2012,893440000,0.214
COL-2013,COL,Colombia,South America,Upper-middle-income countries,2013,953693760,0.232
COL-2014,COL,Colombia,South America,Upper-middle-income countries,2014,1324569100,0.33
COL-2015,COL,Colombia,South America,Upper-middle-income countries,2015,1644484100,0.468
COL-2016,COL,Colombia,South America,Upper-middle-income countries,2016,1350379800,0.396
COL-2017,COL,Colombia,South America,Upper-middle-income countries,2017,1017275900,0.277
COL-2018,COL,Colombia,South America,Upper-middle-income countries,2018,2003038800,0.546
COL-2019,COL,Colombia,South America,Upper-middle-income countries,2019,1031061060,0.277
COL-2020,COL,Colombia,South America,Upper-middle-income countries,2020,2142970000,0.698
COL-2021,COL,Colombia,South America,Upper-middle-income countries,2021,2035141400,0.608
COL-2022,COL,Colombia,South America,Upper-middle-income countries,2022,2012727200,0.565
COL-2023,COL,Colombia,South America,Upper-middle-income countries,2023,1055785400,0.289
COM-2004,COM,Comoros,Africa,Low-income countries,2004,32195012,4.095
COM-2005,COM,Comoros,Africa,Low-income countries,2005,28010078,3.549
COM-2006,COM,Comoros,Africa,Low-income countries,2006,37370570,4.592
COM-2007,COM,Comoros,Africa,Low-income countries,2007,48718020,5.652
COM-2008,COM,Comoros,Africa,Low-income countries,2008,41862980,4.6
COM-2009,COM,Comoros,Africa,Low-income countries,2009,50273640,5.618
COM-2010,COM,Comoros,Africa,Low-income countries,2010,50465350,5.236
COM-2011,COM,Comoros,Africa,Low-income countries,2011,54353050,5.416
COM-2012,COM,Comoros,Africa,Low-income countries,2012,104578650,10.021
COM-2013,COM,Comoros,Africa,Low-income countries,2013,83099520,7.278
COM-2014,COM,Comoros,Africa,Low-income countries,2014,76525560,6.495
COM-2015,COM,Comoros,Africa,Low-income countries,2015,76551530,6.779
COM-2016,COM,Comoros,Africa,Low-income countries,2016,63715388,5.279
COM-2017,COM,Comoros,Africa,Low-income countries,2017,77370030,6.212
COM-2018,COM,Comoros,Africa,Lower-middle-income countries,2018,99719736,7.609
COM-2019,COM,Comoros,Africa,Lower-middle-income countries,2019,83432344,6.2
COM-2020,COM,Comoros,Africa,Lower-middle-income countries,2020,145046480,10.845
COM-2021,COM,Comoros,Africa,Lower-middle-income countries,2021,161360020,11.975
COM-2022,COM,Comoros,Africa,Lower-middle-income countries,2022,150386080,10.808
COM-2023,COM,Comoros,Africa,Lower-middle-income countries,2023,174103360,11.849
COG-2004,COG,Congo,Africa,Low-income countries,2004,145659920,3.657
COG-2005,COG,Congo,Africa,Lower-middle-income countries,2005,1711768200,28.262
COG-2006,COG,Congo,Africa,Lower-middle-income countries,2006,306492220,3.777
COG-2007,COG,Congo,Africa,Lower-middle-income countries,2007,129502550,1.578
COG-2008,COG,Congo,Africa,Lower-middle-income countries,2008,469400480,4.764
COG-2009,COG,Congo,Africa,Lower-middle-income countries,2009,296270430,3.169
COG-2010,COG,Congo,Africa,Lower-middle-income countries,2010,1355868500,10.582
COG-2011,COG,Congo,Africa,Lower-middle-income countries,2011,269876860,1.854
COG-2012,COG,Congo,Africa,Lower-middle-income countries,2012,152411950,0.837
COG-2013,COG,Congo,Africa,Lower-middle-income countries,2013,156738820,0.86
COG-2014,COG,Congo,Africa,Lower-middle-income countries,2014,108765900,0.584
COG-2015,COG,Congo,Africa,Lower-middle-income countries,2015,105326500,0.718
COG-2016,COG,Congo,Africa,Lower-middle-income countries,2016,102352760,0.825
COG-2017,COG,Congo,Africa,Lower-middle-income countries,2017,123451970,1.041
COG-2018,COG,Congo,Africa,Lower-middle-income countries,2018,161594270,1.05
COG-2019,COG,Congo,Africa,Lower-middle-income countries,2019,200723840,1.413
COG-2020,COG,Congo,Africa,Lower-middle-income countries,2020,237882910,1.903
COG-2021,COG,Congo,Africa,Lower-middle-income countries,2021,212734880,1.56
COG-2022,COG,Congo,Africa,Lower-middle-income countries,2022,759445100,4.996
COG-2023,COG,Congo,Africa,Lower-middle-income countries,2023,463846140,3.116
COK-2004,COK,Cook Islands,Oceania,,2004,11415245,3.871
COK-2005,COK,Cook Islands,Oceania,,2005,10245869,3.57
COK-2006,COK,Cook Islands,Oceania,,2006,40409076,15.818
COK-2007,COK,Cook Islands,Oceania,,2007,12274888,4.308
COK-2008,COK,Cook Islands,Oceania,,2008,6122865,2.123
COK-2009,COK,Cook Islands,Oceania,,2009,8299480.5,2.878
COK-2010,COK,Cook Islands,Oceania,,2010,15762136,5.635
COK-2011,COK,Cook Islands,Oceania,,2011,25199630,9.053
COK-2012,COK,Cook Islands,Oceania,,2012,21196128,7.02
COK-2013,COK,Cook Islands,Oceania,,2013,15489669,5.494
COK-2014,COK,Cook Islands,Oceania,,2014,27614834,8.812
COK-2015,COK,Cook Islands,Oceania,,2015,29578162,8.491
COK-2016,COK,Cook Islands,Oceania,,2016,20121910,5.636
COK-2017,COK,Cook Islands,Oceania,,2017,20681902,5.442
COK-2018,COK,Cook Islands,Oceania,,2018,36231624,9.291
COK-2019,COK,Cook Islands,Oceania,,2019,31918626,8.009
CRI-2004,CRI,Costa Rica,North America,Upper-middle-income countries,2004,35136900,0.145
CRI-2005,CRI,Costa Rica,North America,Upper-middle-income countries,2005,38708670,0.169
CRI-2006,CRI,Costa Rica,North America,Upper-middle-income countries,2006,34347884,0.144
CRI-2007,CRI,Costa Rica,North America,Upper-middle-income countries,2007,64527404,0.246
CRI-2008,CRI,Costa Rica,North America,Upper-middle-income countries,2008,80505860,0.255
CRI-2009,CRI,Costa Rica,North America,Upper-middle-income countries,2009,97264150,0.379
CRI-2010,CRI,Costa Rica,North America,Upper-middle-income countries,2010,78623710,0.266
CRI-2011,CRI,Costa Rica,North America,Upper-middle-income countries,2011,39338800,0.086
CRI-2012,CRI,Costa Rica,North America,Upper-middle-income countries,2012,36576344,0.062
CRI-2013,CRI,Costa Rica,North America,Upper-middle-income countries,2013,36949136,0.067
CRI-2014,CRI,Costa Rica,North America,Upper-middle-income countries,2014,58227810,0.109
CRI-2015,CRI,Costa Rica,North America,Upper-middle-income countries,2015,119358580,0.206
CRI-2016,CRI,Costa Rica,North America,Upper-middle-income countries,2016,111359750,0.179
CRI-2017,CRI,Costa Rica,North America,Upper-middle-income countries,2017,102859976,0.173
CRI-2018,CRI,Costa Rica,North America,Upper-middle-income countries,2018,101907064,0.168
CRI-2019,CRI,Costa Rica,North America,Upper-middle-income countries,2019,59118348,0.094
CRI-2020,CRI,Costa Rica,North America,Upper-middle-income countries,2020,228347550,0.357
CRI-2021,CRI,Costa Rica,North America,Upper-middle-income countries,2021,61959316,0.091
CRI-2022,CRI,Costa Rica,North America,Upper-middle-income countries,2022,694057660,0.997
CRI-2023,CRI,Costa Rica,North America,Upper-middle-income countries,2023,148481440,0.18
CIV-2004,CIV,Cote d'Ivoire,Africa,Low-income countries,2004,209156450,1.087
CIV-2005,CIV,Cote d'Ivoire,Africa,Low-income countries,2005,117606970,0.555
CIV-2006,CIV,Cote d'Ivoire,Africa,Low-income countries,2006,295609630,1.445
CIV-2007,CIV,Cote d'Ivoire,Africa,Low-income countries,2007,199696770,0.875
CIV-2008,CIV,Cote d'Ivoire,Africa,Lower-middle-income countries,2008,642106500,2.496
CIV-2009,CIV,Cote d'Ivoire,Africa,Lower-middle-income countries,2009,2571233300,10.253
CIV-2010,CIV,Cote d'Ivoire,Africa,Lower-middle-income countries,2010,707636700,2.737
CIV-2011,CIV,Cote d'Ivoire,Africa,Lower-middle-income countries,2011,1479075700,5.886
CIV-2012,CIV,Cote d'Ivoire,Africa,Lower-middle-income countries,2012,3106148000,11.217
CIV-2013,CIV,Cote d'Ivoire,Africa,Lower-middle-income countries,2013,1394719400,4.264
CIV-2014,CIV,Cote d'Ivoire,Africa,Lower-middle-income countries,2014,997591900,1.93
CIV-2015,CIV,Cote d'Ivoire,Africa,Lower-middle-income countries,2015,775106300,1.455
CIV-2016,CIV,Cote d'Ivoire,Africa,Lower-middle-income countries,2016,740979500,1.301
CIV-2017,CIV,Cote d'Ivoire,Africa,Lower-middle-income countries,2017,971337000,1.627
CIV-2018,CIV,Cote d'Ivoire,Africa,Lower-middle-income countries,2018,1073343600,1.687
CIV-2019,CIV,Cote d'Ivoire,Africa,Lower-middle-income countries,2019,1321961200,2.001
CIV-2020,CIV,Cote d'Ivoire,Africa,Lower-middle-income countries,2020,1718680000,2.558
CIV-2021,CIV,Cote d'Ivoire,Africa,Lower-middle-income countries,2021,1641990900,2.236
CIV-2022,CIV,Cote d'Ivoire,Africa,Lower-middle-income countries,2022,2115463400,2.867
CIV-2023,CIV,Cote d'Ivoire,Africa,Lower-middle-income countries,2023,2526116400,3.234
HRV-2004,HRV,Croatia,Europe,Upper-middle-income countries,2004,167848900,0.291
HRV-2005,HRV,Croatia,Europe,Upper-middle-income countries,2005,160036210,0.281
HRV-2006,HRV,Croatia,Europe,Upper-middle-income countries,2006,247089000,0.407
HRV-2007,HRV,Croatia,Europe,Upper-middle-income countries,2007,185712820,0.281
HRV-2008,HRV,Croatia,Europe,High-income countries,2008,250237650,0.363
HRV-2009,HRV,Croatia,Europe,High-income countries,2009,179240100,0.281
HRV-2010,HRV,Croatia,Europe,High-income countries,2010,164697620,0.264
CUB-2004,CUB,Cuba,North America,Lower-middle-income countries,2004,131665830,0.265
CUB-2005,CUB,Cuba,North America,Lower-middle-income countries,2005,114651150,0.215
CUB-2006,CUB,Cuba,North America,Lower-middle-income countries,2006,103872060,0.17
CUB-2007,CUB,Cuba,North America,Upper-middle-income countries,2007,112351940,0.181
CUB-2008,CUB,Cuba,North America,Upper-middle-income countries,2008,132268584,0.227
CUB-2009,CUB,Cuba,North America,Upper-middle-income countries,2009,124251910,0.201
CUB-2010,CUB,Cuba,North America,Upper-middle-income countries,2010,140444910,0.22
CUB-2011,CUB,Cuba,North America,Upper-middle-income countries,2011,91005850,0.128
CUB-2012,CUB,Cuba,North America,Upper-middle-income countries,2012,89379150,0.119
CUB-2013,CUB,Cuba,North America,Upper-middle-income countries,2013,103818570,0.13
CUB-2014,CUB,Cuba,North America,Upper-middle-income countries,2014,236024620,0.329
CUB-2015,CUB,Cuba,North America,Upper-middle-income countries,2015,644687000,0.649
CUB-2016,CUB,Cuba,North America,Upper-middle-income countries,2016,3225528000,2.995
CUB-2017,CUB,Cuba,North America,Upper-middle-income countries,2017,770144960,0.769
CUB-2018,CUB,Cuba,North America,Upper-middle-income countries,2018,782010600,0.761
CUB-2019,CUB,Cuba,North America,Upper-middle-income countries,2019,515076400,0.489
CUB-2020,CUB,Cuba,North America,Upper-middle-income countries,2020,575759940,0.502
CUB-2021,CUB,Cuba,North America,Upper-middle-income countries,2021,157406900,0.123
CUB-2022,CUB,Cuba,North America,Upper-middle-income countries,2022,150534140,0.096
CUB-2023,CUB,Cuba,North America,Upper-middle-income countries,2023,170316420,0.084
COD-2004,COD,Democratic Republic of Congo,Africa,Low-income countries,2004,2482304300,19.213
COD-2005,COD,Democratic Republic of Congo,Africa,Low-income countries,2005,2231139300,16.425
COD-2006,COD,Democratic Republic of Congo,Africa,Low-income countries,2006,2892241700,15.715
COD-2007,COD,Democratic Republic of Congo,Africa,Low-income countries,2007,1537309400,8.373
COD-2008,COD,Democratic Republic of Congo,Africa,Low-income countries,2008,1916217100,9.572
COD-2009,COD,Democratic Republic of Congo,Africa,Low-income countries,2009,2677753900,13.225
COD-2010,COD,Democratic Republic of Congo,Africa,Low-income countries,2010,3585973800,15.392
COD-2011,COD,Democratic Republic of Congo,Africa,Low-income countries,2011,5957824000,22.517
COD-2012,COD,Democratic Republic of Congo,Africa,Low-income countries,2012,3138556700,10.271
COD-2013,COD,Democratic Republic of Congo,Africa,Low-income countries,2013,2777599700,8.651
COD-2014,COD,Democratic Republic of Congo,Africa,Low-income countries,2014,2602013200,7.302
COD-2015,COD,Democratic Republic of Congo,Africa,Low-income countries,2015,3142386000,7.399
COD-2016,COD,Democratic Republic of Congo,Africa,Low-income countries,2016,2540268300,5.784
COD-2017,COD,Democratic Republic of Congo,Africa,Low-income countries,2017,2727604000,6.205
COD-2018,COD,Democratic Republic of Congo,Africa,Low-income countries,2018,2871908600,5.481
COD-2019,COD,Democratic Republic of Congo,Africa,Low-income countries,2019,3268413700,5.74
COD-2020,COD,Democratic Republic of Congo,Africa,Low-income countries,2020,3820598800,7.131
COD-2021,COD,Democratic Republic of Congo,Africa,Low-income countries,2021,3836558800,6.771
COD-2022,COD,Democratic Republic of Congo,Africa,Low-income countries,2022,3540680700,5.282
COD-2023,COD,Democratic Republic of Congo,Africa,Low-income countries,2023,4634544000,6.971
DJI-2004,DJI,Djibouti,Africa,Lower-middle-income countries,2004,78813100,9.337
DJI-2005,DJI,Djibouti,Africa,Lower-middle-income countries,2005,89690780,10.175
DJI-2006,DJI,Djibouti,Africa,Lower-middle-income countries,2006,135721470,14.569
DJI-2007,DJI,Djibouti,Africa,Lower-middle-income countries,2007,123091680,12.921
DJI-2008,DJI,Djibouti,Africa,Lower-middle-income countries,2008,146777280,13.645
DJI-2009,DJI,Djibouti,Africa,Lower-middle-income countries,2009,166653540,15.484
DJI-2010,DJI,Djibouti,Africa,Lower-middle-income countries,2010,118604770,10.817
DJI-2011,DJI,Djibouti,Africa,Lower-middle-income countries,2011,141540260,11.33
DJI-2012,DJI,Djibouti,Africa,Lower-middle-income countries,2012,148570560,10.75
DJI-2013,DJI,Djibouti,Africa,Lower-middle-income countries,2013,154278400,7.399
DJI-2014,DJI,Djibouti,Africa,Lower-middle-income countries,2014,166438430,7.561
DJI-2015,DJI,Djibouti,Africa,Lower-middle-income countries,2015,198948320,7.234
DJI-2016,DJI,Djibouti,Africa,Lower-middle-income countries,2016,216812560,7.341
DJI-2017,DJI,Djibouti,Africa,Lower-middle-income countries,2017,160293840,5.41
DJI-2018,DJI,Djibouti,Africa,Lower-middle-income countries,2018,199273340,6.468
DJI-2019,DJI,Djibouti,Africa,Lower-middle-income countries,2019,287565400,8.805
DJI-2020,DJI,Djibouti,Africa,Lower-middle-income countries,2020,284650340,8.56
DJI-2021,DJI,Djibouti,Africa,Lower-middle-income countries,2021,184908830,5.35
DJI-2022,DJI,Djibouti,Africa,Lower-middle-income countries,2022,62930330,1.676
DJI-2023,DJI,Djibouti,Africa,Lower-middle-income countries,2023,224970030,5.532
DMA-2004,DMA,Dominica,North America,Upper-middle-income countries,2004,30886584,8.1
DMA-2005,DMA,Dominica,North America,Upper-middle-income countries,2005,26328826,5.832
DMA-2006,DMA,Dominica,North America,Upper-middle-income countries,2006,23810848,4.891
DMA-2007,DMA,Dominica,North America,Upper-middle-income countries,2007,21496896,4.576
DMA-2008,DMA,Dominica,North America,Upper-middle-income countries,2008,21758938,4.629
DMA-2009,DMA,Dominica,North America,Upper-middle-income countries,2009,37125024,7.161
DMA-2010,DMA,Dominica,North America,Upper-middle-income countries,2010,32418366,6.067
DMA-2011,DMA,Dominica,North America,Upper-middle-income countries,2011,23218946,4.682
DMA-2012,DMA,Dominica,North America,Upper-middle-income countries,2012,26630264,5.025
DMA-2013,DMA,Dominica,North America,Upper-middle-income countries,2013,20307318,3.818
DMA-2014,DMA,Dominica,North America,Upper-middle-income countries,2014,16142048,2.93
DMA-2015,DMA,Dominica,North America,Upper-middle-income countries,2015,13743313,2.087
DMA-2016,DMA,Dominica,North America,Upper-middle-income countries,2016,9348519,1.447
DMA-2017,DMA,Dominica,North America,Upper-middle-income countries,2017,22750166,3.39
DMA-2018,DMA,Dominica,North America,Upper-middle-income countries,2018,30298762,4.277
DMA-2019,DMA,Dominica,North America,Upper-middle-income countries,2019,59235180,8.093
DMA-2020,DMA,Dominica,North America,Upper-middle-income countries,2020,71503050,11.955
DMA-2021,DMA,Dominica,North America,Upper-middle-income countries,2021,82009020,14.045
DMA-2022,DMA,Dominica,North America,Upper-middle-income countries,2022,63358816,9.508
DMA-2023,DMA,Dominica,North America,Upper-middle-income countries,2023,53140890,7.878
DOM-2004,DOM,Dominican Republic,North America,Lower-middle-income countries,2004,123498104,0.508
DOM-2005,DOM,Dominican Republic,North America,Lower-middle-income countries,2005,124261150,0.28
DOM-2006,DOM,Dominican Republic,North America,Lower-middle-income countries,2006,106342310,0.208
DOM-2007,DOM,Dominican Republic,North America,Lower-middle-income countries,2007,161293950,0.346
DOM-2008,DOM,Dominican Republic,North America,Upper-middle-income countries,2008,190671800,0.383
DOM-2009,DOM,Dominican Republic,North America,Upper-middle-income countries,2009,152160640,0.3
DOM-2010,DOM,Dominican Republic,North America,Upper-middle-income countries,2010,218951730,0.372
DOM-2011,DOM,Dominican Republic,North America,Upper-middle-income countries,2011,251521820,0.436
DOM-2012,DOM,Dominican Republic,North America,Upper-middle-income countries,2012,292330100,0.447
DOM-2013,DOM,Dominican Republic,North America,Upper-middle-income countries,2013,161817870,0.247
DOM-2014,DOM,Dominican Republic,North America,Upper-middle-income countries,2014,176174500,0.261
DOM-2015,DOM,Dominican Republic,North America,Upper-middle-income countries,2015,326611650,0.412
DOM-2016,DOM,Dominican Republic,North America,Upper-middle-income countries,2016,211477730,0.244
DOM-2017,DOM,Dominican Republic,North America,Upper-middle-income countries,2017,141675760,0.156
DOM-2018,DOM,Dominican Republic,North America,Upper-middle-income countries,2018,106394290,0.11
DOM-2019,DOM,Dominican Republic,North America,Upper-middle-income countries,2019,152740290,0.155
DOM-2020,DOM,Dominican Republic,North America,Upper-middle-income countries,2020,406439040,0.502
DOM-2021,DOM,Dominican Republic,North America,Upper-middle-income countries,2021,460048830,0.499
DOM-2022,DOM,Dominican Republic,North America,Upper-middle-income countries,2022,362062700,0.337
DOM-2023,DOM,Dominican Republic,North America,Upper-middle-income countries,2023,678344900,0.577
TLS-2004,TLS,East Timor,Asia,Low-income countries,2004,225239540,23.677
TLS-2005,TLS,East Timor,Asia,Low-income countries,2005,233496900,21.849
TLS-2006,TLS,East Timor,Asia,Low-income countries,2006,264195520,16.075
TLS-2007,TLS,East Timor,Asia,Lower-middle-income countries,2007,325145920,14.218
TLS-2008,TLS,East Timor,Asia,Lower-middle-income countries,2008,297595650,8.314
TLS-2009,TLS,East Timor,Asia,Lower-middle-income countries,2009,246656160,8.415
TLS-2010,TLS,East Timor,Asia,Lower-middle-income countries,2010,299754800,8.582
TLS-2011,TLS,East Timor,Asia,Lower-middle-income countries,2011,267381540,6.019
TLS-2012,TLS,East Timor,Asia,Lower-middle-income countries,2012,280743740,6.569
TLS-2013,TLS,East Timor,Asia,Lower-middle-income countries,2013,255906180,6.228
TLS-2014,TLS,East Timor,Asia,Lower-middle-income countries,2014,257407780,7.476
TLS-2015,TLS,East Timor,Asia,Lower-middle-income countries,2015,247743800,7.614
TLS-2016,TLS,East Timor,Asia,Lower-middle-income countries,2016,252767470,10.077
TLS-2017,TLS,East Timor,Asia,Lower-middle-income countries,2017,258938380,10.273
TLS-2018,TLS,East Timor,Asia,Lower-middle-income countries,2018,223713890,9.287
TLS-2019,TLS,East Timor,Asia,Lower-middle-income countries,2019,247979570,8.042
TLS-2020,TLS,East Timor,Asia,Lower-middle-income countries,2020,279269820,10.607
TLS-2021,TLS,East Timor,Asia,Lower-middle-income countries,2021,259561760,7.406
TLS-2022,TLS,East Timor,Asia,Lower-middle-income countries,2022,234493740,7.347
TLS-2023,TLS,East Timor,Asia,Lower-middle-income countries,2023,264259380,10.686
ECU-2004,ECU,Ecuador,South America,Lower-middle-income countries,2004,268627330,0.552
ECU-2005,ECU,Ecuador,South America,Lower-middle-income countries,2005,344904830,0.67
ECU-2006,ECU,Ecuador,South America,Lower-middle-income countries,2006,281407330,0.487
ECU-2007,ECU,Ecuador,South America,Lower-middle-income countries,2007,266203040,0.48
ECU-2008,ECU,Ecuador,South America,Lower-middle-income countries,2008,273508300,0.416
ECU-2009,ECU,Ecuador,South America,Lower-middle-income countries,2009,260571630,0.38
ECU-2010,ECU,Ecuador,South America,Upper-middle-income countries,2010,188034180,0.246
ECU-2011,ECU,Ecuador,South America,Upper-middle-income countries,2011,202974140,0.233
ECU-2012,ECU,Ecuador,South America,Upper-middle-income countries,2012,173117970,0.171
ECU-2013,ECU,Ecuador,South America,Upper-middle-income countries,2013,165932880,0.158
ECU-2014,ECU,Ecuador,South America,Upper-middle-income countries,2014,180288540,0.163
ECU-2015,ECU,Ecuador,South America,Upper-middle-income countries,2015,383130940,0.333
ECU-2016,ECU,Ecuador,South America,Upper-middle-income countries,2016,283758300,0.254
ECU-2017,ECU,Ecuador,South America,Upper-middle-income countries,2017,240336420,0.207
ECU-2018,ECU,Ecuador,South America,Upper-middle-income countries,2018,443298430,0.386
ECU-2019,ECU,Ecuador,South America,Upper-middle-income countries,2019,568900540,0.486
ECU-2020,ECU,Ecuador,South America,Upper-middle-income countries,2020,382141280,0.373
ECU-2021,ECU,Ecuador,South America,Upper-middle-income countries,2021,317474240,0.287
ECU-2022,ECU,Ecuador,South America,Upper-middle-income countries,2022,399404500,0.331
ECU-2023,ECU,Ecuador,South America,Upper-middle-income countries,2023,555097340,0.469
EGY-2004,EGY,Egypt,Africa,Lower-middle-income countries,2004,2100148500,1.913
EGY-2005,EGY,Egypt,Africa,Lower-middle-income countries,2005,1452131200,1.17
EGY-2006,EGY,Egypt,Africa,Lower-middle-income countries,2006,1171137700,0.842
EGY-2007,EGY,Egypt,Africa,Lower-middle-income countries,2007,1435545600,0.865
EGY-2008,EGY,Egypt,Africa,Lower-middle-income countries,2008,1949941900,1.028
EGY-2009,EGY,Egypt,Africa,Lower-middle-income countries,2009,1129903900,0.519
EGY-2010,EGY,Egypt,Africa,Lower-middle-income countries,2010,627208200,0.259
EGY-2011,EGY,Egypt,Africa,Lower-middle-income countries,2011,442052700,0.184
EGY-2012,EGY,Egypt,Africa,Lower-middle-income countries,2012,1853477000,0.665
EGY-2013,EGY,Egypt,Africa,Lower-middle-income countries,2013,5818465000,1.962
EGY-2014,EGY,Egypt,Africa,Lower-middle-income countries,2014,3747930000,1.186
EGY-2015,EGY,Egypt,Africa,Lower-middle-income countries,2015,3033098200,0.78
EGY-2016,EGY,Egypt,Africa,Lower-middle-income countries,2016,2952046600,0.743
EGY-2017,EGY,Egypt,Africa,Lower-middle-income countries,2017,42216110,0.014
EGY-2018,EGY,Egypt,Africa,Lower-middle-income countries,2018,2285454000,0.812
EGY-2019,EGY,Egypt,Africa,Lower-middle-income countries,2019,1893758700,0.555
EGY-2020,EGY,Egypt,Africa,Lower-middle-income countries,2020,1691300200,0.42
EGY-2021,EGY,Egypt,Africa,Lower-middle-income countries,2021,8408249000,1.963
EGY-2022,EGY,Egypt,Africa,Lower-middle-income countries,2022,6215930000,1.262
EGY-2023,EGY,Egypt,Africa,Lower-middle-income countries,2023,470131600,0.127
SLV-2004,SLV,El Salvador,North America,Lower-middle-income countries,2004,342064500,1.789
SLV-2005,SLV,El Salvador,North America,Lower-middle-income countries,2005,278709920,1.538
SLV-2006,SLV,El Salvador,North America,Lower-middle-income countries,2006,211435860,1.145
SLV-2007,SLV,El Salvador,North America,Lower-middle-income countries,2007,133917450,0.65
SLV-2008,SLV,El Salvador,North America,Lower-middle-income countries,2008,253740000,1.383
SLV-2009,SLV,El Salvador,North America,Lower-middle-income countries,2009,334202460,1.715
SLV-2010,SLV,El Salvador,North America,Lower-middle-income countries,2010,360993820,1.681
SLV-2011,SLV,El Salvador,North America,Lower-middle-income countries,2011,363433020,1.512
SLV-2012,SLV,El Salvador,North America,Lower-middle-income countries,2012,281189400,1.072
SLV-2013,SLV,El Salvador,North America,Lower-middle-income countries,2013,189644960,0.805
SLV-2014,SLV,El Salvador,North America,Lower-middle-income countries,2014,114024020,0.455
SLV-2015,SLV,El Salvador,North America,Lower-middle-income countries,2015,112672320,0.401
SLV-2016,SLV,El Salvador,North America,Lower-middle-income countries,2016,162706350,0.562
SLV-2017,SLV,El Salvador,North America,Lower-middle-income countries,2017,185375980,0.643
SLV-2018,SLV,El Salvador,North America,Lower-middle-income countries,2018,294873180,1.032
SLV-2019,SLV,El Salvador,North America,Lower-middle-income countries,2019,360148740,1.189
SLV-2020,SLV,El Salvador,North America,Lower-middle-income countries,2020,380877400,1.461
SLV-2021,SLV,El Salvador,North America,Lower-middle-income countries,2021,224588210,0.784
SLV-2022,SLV,El Salvador,North America,Upper-middle-income countries,2022,760447170,2.37
SLV-2023,SLV,El Salvador,North America,Upper-middle-income countries,2023,506336670,1.573
GNQ-2004,GNQ,Equatorial Guinea,Africa,Upper-middle-income countries,2004,36553892,1.968
GNQ-2005,GNQ,Equatorial Guinea,Africa,Upper-middle-income countries,2005,46462990,0.914
GNQ-2006,GNQ,Equatorial Guinea,Africa,Upper-middle-income countries,2006,30587512,0.33
GNQ-2007,GNQ,Equatorial Guinea,Africa,High-income countries,2007,32618072,0.3
GNQ-2008,GNQ,Equatorial Guinea,Africa,High-income countries,2008,31775100,0.219
GNQ-2009,GNQ,Equatorial Guinea,Africa,High-income countries,2009,31780722,0.32
GNQ-2010,GNQ,Equatorial Guinea,Africa,High-income countries,2010,90255550,0.904
GNQ-2011,GNQ,Equatorial Guinea,Africa,High-income countries,2011,23969972,0.178
GNQ-2012,GNQ,Equatorial Guinea,Africa,High-income countries,2012,15218731,0.097
GNQ-2013,GNQ,Equatorial Guinea,Africa,High-income countries,2013,4588262,0.031
GNQ-2014,GNQ,Equatorial Guinea,Africa,High-income countries,2014,243509,0.003
GNQ-2015,GNQ,Equatorial Guinea,Africa,Upper-middle-income countries,2015,8885525,0.075
GNQ-2016,GNQ,Equatorial Guinea,Africa,Upper-middle-income countries,2016,8348787.5,0.079
GNQ-2017,GNQ,Equatorial Guinea,Africa,Upper-middle-income countries,2017,8151372,0.077
GNQ-2018,GNQ,Equatorial Guinea,Africa,Upper-middle-income countries,2018,7462491,0.067
GNQ-2019,GNQ,Equatorial Guinea,Africa,Upper-middle-income countries,2019,72110360,0.757
GNQ-2020,GNQ,Equatorial Guinea,Africa,Upper-middle-income countries,2020,8091816,0.099
GNQ-2021,GNQ,Equatorial Guinea,Africa,Upper-middle-income countries,2021,14793286,0.156
GNQ-2022,GNQ,Equatorial Guinea,Africa,Upper-middle-income countries,2022,13430360,0.139
GNQ-2023,GNQ,Equatorial Guinea,Africa,Upper-middle-income countries,2023,11949965,0.134
ERI-2004,ERI,Eritrea,Africa,Low-income countries,2004,369852320,24.088
ERI-2005,ERI,Eritrea,Africa,Low-income countries,2005,475271200,32.116
ERI-2006,ERI,Eritrea,Africa,Low-income countries,2006,149096670,10.498
ERI-2007,ERI,Eritrea,Africa,Low-income countries,2007,174773980,12.092
ERI-2008,ERI,Eritrea,Africa,Low-income countries,2008,150657540,10.63
ERI-2009,ERI,Eritrea,Africa,Low-income countries,2009,157000100,7.747
ERI-2010,ERI,Eritrea,Africa,Low-income countries,2010,170819400,9.917
ERI-2011,ERI,Eritrea,Africa,Low-income countries,2011,132371250,6.536
ERI-2012,ERI,Eritrea,Africa,Low-income countries,2012,145065860,6.1
ERI-2013,ERI,Eritrea,Africa,Low-income countries,2013,85744400,4.2
ERI-2014,ERI,Eritrea,Africa,Low-income countries,2014,88797730,3.27
ERI-2015,ERI,Eritrea,Africa,Low-income countries,2015,110910650,4.72
ERI-2016,ERI,Eritrea,Africa,Low-income countries,2016,79923300,3.109
ERI-2017,ERI,Eritrea,Africa,Low-income countries,2017,91815190,4.208
ERI-2018,ERI,Eritrea,Africa,Low-income countries,2018,94962790,4.248
ERI-2019,ERI,Eritrea,Africa,Low-income countries,2019,303304160,13.613
ERI-2020,ERI,Eritrea,Africa,Low-income countries,2020,69041100,2.995
ERI-2021,ERI,Eritrea,Africa,Low-income countries,2021,46872170,2.073
ERI-2022,ERI,Eritrea,Africa,Low-income countries,2022,68678280,2.695
ERI-2023,ERI,Eritrea,Africa,Low-income countries,2023,132554930,5.744
SWZ-2004,SWZ,Eswatini,Africa,Lower-middle-income countries,2004,25783366,0.79
SWZ-2005,SWZ,Eswatini,Africa,Lower-middle-income countries,2005,48140224,1.392
SWZ-2006,SWZ,Eswatini,Africa,Lower-middle-income countries,2006,38142852,1.052
SWZ-2007,SWZ,Eswatini,Africa,Lower-middle-income countries,2007,55393812,1.444
SWZ-2008,SWZ,Eswatini,Africa,Lower-middle-income countries,2008,76527990,2.129
SWZ-2009,SWZ,Eswatini,Africa,Lower-middle-income countries,2009,65090540,1.591
SWZ-2010,SWZ,Eswatini,Africa,Lower-middle-income countries,2010,104304264,2.137
SWZ-2011,SWZ,Eswatini,Africa,Lower-middle-income countries,2011,137762720,2.741
SWZ-2012,SWZ,Eswatini,Africa,Lower-middle-income countries,2012,108803944,1.961
SWZ-2013,SWZ,Eswatini,Africa,Lower-middle-income countries,2013,134107970,2.761
SWZ-2014,SWZ,Eswatini,Africa,Lower-middle-income countries,2014,101345110,2.107
SWZ-2015,SWZ,Eswatini,Africa,Lower-middle-income countries,2015,114823430,2.47
SWZ-2016,SWZ,Eswatini,Africa,Lower-middle-income countries,2016,182026370,4.195
SWZ-2017,SWZ,Eswatini,Africa,Lower-middle-income countries,2017,178022670,3.541
SWZ-2018,SWZ,Eswatini,Africa,Lower-middle-income countries,2018,140573230,2.805
SWZ-2019,SWZ,Eswatini,Africa,Lower-middle-income countries,2019,82915650,1.731
SWZ-2020,SWZ,Eswatini,Africa,Lower-middle-income countries,2020,121519510,2.851
SWZ-2021,SWZ,Eswatini,Africa,Lower-middle-income countries,2021,135803790,2.85
SWZ-2022,SWZ,Eswatini,Africa,Lower-middle-income countries,2022,104044410,2.237
SWZ-2023,SWZ,Eswatini,Africa,Lower-middle-income countries,2023,113192620,2.571
ETH-2004,ETH,Ethiopia,Africa,Low-income countries,2004,2479819800,18.179
ETH-2005,ETH,Ethiopia,Africa,Low-income countries,2005,2586022100,15.601
ETH-2006,ETH,Ethiopia,Africa,Low-income countries,2006,2534367200,13.348
ETH-2007,ETH,Ethiopia,Africa,Low-income countries,2007,3000563500,13.216
ETH-2008,ETH,Ethiopia,Africa,Low-income countries,2008,3792683800,12.243
ETH-2009,ETH,Ethiopia,Africa,Low-income countries,2009,4453489000,11.803
ETH-2010,ETH,Ethiopia,Africa,Low-income countries,2010,3285260300,9.284
ETH-2011,ETH,Ethiopia,Africa,Low-income countries,2011,3846316000,10.965
ETH-2012,ETH,Ethiopia,Africa,Low-income countries,2012,3640898600,7.505
ETH-2013,ETH,Ethiopia,Africa,Low-income countries,2013,4260081200,8.173
ETH-2014,ETH,Ethiopia,Africa,Low-income countries,2014,3908119800,6.462
ETH-2015,ETH,Ethiopia,Africa,Low-income countries,2015,3873724000,5.035
ETH-2016,ETH,Ethiopia,Africa,Low-income countries,2016,4969869300,5.515
ETH-2017,ETH,Ethiopia,Africa,Low-income countries,2017,4940294000,5.074
ETH-2018,ETH,Ethiopia,Africa,Low-income countries,2018,5626977000,5.89
ETH-2019,ETH,Ethiopia,Africa,Low-income countries,2019,5409097000,4.907
ETH-2020,ETH,Ethiopia,Africa,Low-income countries,2020,5956117000,4.957
ETH-2021,ETH,Ethiopia,Africa,Low-income countries,2021,4339586000,3.679
ETH-2022,ETH,Ethiopia,Africa,Low-income countries,2022,5271307300,3.907
ETH-2023,ETH,Ethiopia,Africa,Low-income countries,2023,5537270300,3.39
FJI-2004,FJI,Fiji,Oceania,Lower-middle-income countries,2004,83480250,2.42
FJI-2005,FJI,Fiji,Oceania,Lower-middle-income countries,2005,83173010,2.185
FJI-2006,FJI,Fiji,Oceania,Lower-middle-income countries,2006,72015064,1.888
FJI-2007,FJI,Fiji,Oceania,Upper-middle-income countries,2007,58482484,1.54
FJI-2008,FJI,Fiji,Oceania,Upper-middle-income countries,2008,49711660,1.312
FJI-2009,FJI,Fiji,Oceania,Upper-middle-income countries,2009,67878510,2.323
FJI-2010,FJI,Fiji,Oceania,Lower-middle-income countries,2010,72579944,2.481
FJI-2011,FJI,Fiji,Oceania,Lower-middle-income countries,2011,64247840,2.058
FJI-2012,FJI,Fiji,Oceania,Upper-middle-income countries,2012,93420040,2.755
FJI-2013,FJI,Fiji,Oceania,Upper-middle-income countries,2013,88244960,2.221
FJI-2014,FJI,Fiji,Oceania,Upper-middle-income countries,2014,93841850,2.035
FJI-2015,FJI,Fiji,Oceania,Upper-middle-income countries,2015,119654010,2.33
FJI-2016,FJI,Fiji,Oceania,Upper-middle-income countries,2016,135561260,2.521
FJI-2017,FJI,Fiji,Oceania,Upper-middle-income countries,2017,159990190,2.959
FJI-2018,FJI,Fiji,Oceania,Upper-middle-income countries,2018,131957320,2.317
FJI-2019,FJI,Fiji,Oceania,Upper-middle-income countries,2019,145358220,2.607
FJI-2020,FJI,Fiji,Oceania,Upper-middle-income countries,2020,205864300,4.731
FJI-2021,FJI,Fiji,Oceania,Upper-middle-income countries,2021,596308860,15.11
FJI-2022,FJI,Fiji,Oceania,Upper-middle-income countries,2022,372526180,7.674
FJI-2023,FJI,Fiji,Oceania,Upper-middle-income countries,2023,193526460,3.707
GAB-2004,GAB,Gabon,Africa,Upper-middle-income countries,2004,50262588,0.609
GAB-2005,GAB,Gabon,Africa,Upper-middle-income countries,2005,59758050,0.583
GAB-2006,GAB,Gabon,Africa,Upper-middle-income countries,2006,35994180,0.348
GAB-2007,GAB,Gabon,Africa,Upper-middle-income countries,2007,56530300,0.501
GAB-2008,GAB,Gabon,Africa,Upper-middle-income countries,2008,62880810,0.478
GAB-2009,GAB,Gabon,Africa,Upper-middle-income countries,2009,79452930,0.726
GAB-2010,GAB,Gabon,Africa,Upper-middle-income countries,2010,98471750,0.833
GAB-2011,GAB,Gabon,Africa,Upper-middle-income countries,2011,63358384,0.442
GAB-2012,GAB,Gabon,Africa,Upper-middle-income countries,2012,70303520,0.445
GAB-2013,GAB,Gabon,Africa,Upper-middle-income countries,2013,87955816,0.549
GAB-2014,GAB,Gabon,Africa,Upper-middle-income countries,2014,111410160,0.645
GAB-2015,GAB,Gabon,Africa,Upper-middle-income countries,2015,115928980,0.749
GAB-2016,GAB,Gabon,Africa,Upper-middle-income countries,2016,48088556,0.322
GAB-2017,GAB,Gabon,Africa,Upper-middle-income countries,2017,120618330,0.76
GAB-2018,GAB,Gabon,Africa,Upper-middle-income countries,2018,124531460,0.743
GAB-2019,GAB,Gabon,Africa,Upper-middle-income countries,2019,127697256,0.754
GAB-2020,GAB,Gabon,Africa,Upper-middle-income countries,2020,58066876,0.376
GAB-2021,GAB,Gabon,Africa,Upper-middle-income countries,2021,98715620,0.586
GAB-2022,GAB,Gabon,Africa,Upper-middle-income countries,2022,147632560,0.708
GAB-2023,GAB,Gabon,Africa,Upper-middle-income countries,2023,54189892,0.289
GMB-2004,GMB,Gambia,Africa,Low-income countries,2004,79361864,6.519
GMB-2005,GMB,Gambia,Africa,Low-income countries,2005,75291830,6.045
GMB-2006,GMB,Gambia,Africa,Low-income countries,2006,88197690,7.308
GMB-2007,GMB,Gambia,Africa,Low-income countries,2007,107565860,7.751
GMB-2008,GMB,Gambia,Africa,Low-income countries,2008,105187480,6.161
GMB-2009,GMB,Gambia,Africa,Low-income countries,2009,135922100,8.802
GMB-2010,GMB,Gambia,Africa,Low-income countries,2010,111596376,7.038
GMB-2011,GMB,Gambia,Africa,Low-income countries,2011,137128290,9.849
GMB-2012,GMB,Gambia,Africa,Low-income countries,2012,147622820,10.027
GMB-2013,GMB,Gambia,Africa,Low-income countries,2013,117700670,8.342
GMB-2014,GMB,Gambia,Africa,Low-income countries,2014,106222060,8.361
GMB-2015,GMB,Gambia,Africa,Low-income countries,2015,131747070,8.471
GMB-2016,GMB,Gambia,Africa,Low-income countries,2016,110022776,6.31
GMB-2017,GMB,Gambia,Africa,Low-income countries,2017,337559940,19.26
GMB-2018,GMB,Gambia,Africa,Low-income countries,2018,263407950,14.267
GMB-2019,GMB,Gambia,Africa,Low-income countries,2019,219512220,10.689
GMB-2020,GMB,Gambia,Africa,Low-income countries,2020,336405660,16.922
GMB-2021,GMB,Gambia,Africa,Low-income countries,2021,261162960,12.68
GMB-2022,GMB,Gambia,Africa,Low-income countries,2022,295345280,12.53
GMB-2023,GMB,Gambia,Africa,Low-income countries,2023,353026900,14.508
GEO-2004,GEO,Georgia,Asia,Lower-middle-income countries,2004,432980160,6.044
GEO-2005,GEO,Georgia,Asia,Lower-middle-income countries,2005,390956480,4.532
GEO-2006,GEO,Georgia,Asia,Lower-middle-income countries,2006,461857280,4.518
GEO-2007,GEO,Georgia,Asia,Lower-middle-income countries,2007,458263200,3.741
GEO-2008,GEO,Georgia,Asia,Lower-middle-income countries,2008,1004455600,6.424
GEO-2009,GEO,Georgia,Asia,Lower-middle-income countries,2009,950593600,7.405
GEO-2010,GEO,Georgia,Asia,Lower-middle-income countries,2010,638738000,4.322
GEO-2011,GEO,Georgia,Asia,Lower-middle-income countries,2011,614349950,3.622
GEO-2012,GEO,Georgia,Asia,Lower-middle-income countries,2012,739637760,3.942
GEO-2013,GEO,Georgia,Asia,Lower-middle-income countries,2013,708222800,3.757
GEO-2014,GEO,Georgia,Asia,Lower-middle-income countries,2014,610780600,3.178
GEO-2015,GEO,Georgia,Asia,Upper-middle-income countries,2015,535483780,3.017
GEO-2016,GEO,Georgia,Asia,Lower-middle-income countries,2016,559313150,3.138
GEO-2017,GEO,Georgia,Asia,Lower-middle-income countries,2017,530139040,2.853
GEO-2018,GEO,Georgia,Asia,Upper-middle-income countries,2018,663608640,3.419
GEO-2019,GEO,Georgia,Asia,Upper-middle-income countries,2019,573728060,2.928
GEO-2020,GEO,Georgia,Asia,Upper-middle-income countries,2020,1166489000,6.831
GEO-2021,GEO,Georgia,Asia,Upper-middle-income countries,2021,815362500,4.355
GEO-2022,GEO,Georgia,Asia,Upper-middle-income countries,2022,421337440,1.621
GEO-2023,GEO,Georgia,Asia,Upper-middle-income countries,2023,376627000,1.287
GHA-2004,GHA,Ghana,Africa,Low-income countries,2004,1776099100,16.342
GHA-2005,GHA,Ghana,Africa,Low-income countries,2005,1442464800,10.861
GHA-2006,GHA,Ghana,Africa,Low-income countries,2006,1507527400,6.086
GHA-2007,GHA,Ghana,Africa,Low-income countries,2007,1303183200,4.711
GHA-2008,GHA,Ghana,Africa,Low-income countries,2008,1407012000,4.594
GHA-2009,GHA,Ghana,Africa,Low-income countries,2009,1783807400,6.106
GHA-2010,GHA,Ghana,Africa,Lower-middle-income countries,2010,1551187700,4.324
GHA-2011,GHA,Ghana,Africa,Lower-middle-income countries,2011,1973479700,4.733
GHA-2012,GHA,Ghana,Africa,Lower-middle-income countries,2012,1941624800,4.593
GHA-2013,GHA,Ghana,Africa,Lower-middle-income countries,2013,1413232900,2.174
GHA-2014,GHA,Ghana,Africa,Lower-middle-income countries,2014,1201811300,2.167
GHA-2015,GHA,Ghana,Africa,Lower-middle-income countries,2015,2110747500,3.692
GHA-2016,GHA,Ghana,Africa,Lower-middle-income countries,2016,1586528900,2.445
GHA-2017,GHA,Ghana,Africa,Lower-middle-income countries,2017,1483307500,2.201
GHA-2018,GHA,Ghana,Africa,Lower-middle-income countries,2018,1202770300,1.662
GHA-2019,GHA,Ghana,Africa,Lower-middle-income countries,2019,1046798460,1.391
GHA-2020,GHA,Ghana,Africa,Lower-middle-income countries,2020,2453489400,3.117
GHA-2021,GHA,Ghana,Africa,Lower-middle-income countries,2021,1310484900,1.608
GHA-2022,GHA,Ghana,Africa,Lower-middle-income countries,2022,1116220500,1.445
GHA-2023,GHA,Ghana,Africa,Lower-middle-income countries,2023,1821292800,2.362
GRD-2004,GRD,Grenada,North America,Upper-middle-income countries,2004,18234428,2.922
GRD-2005,GRD,Grenada,North America,Upper-middle-income countries,2005,67101296,7.886
GRD-2006,GRD,Grenada,North America,Upper-middle-income countries,2006,33042264,4.001
GRD-2007,GRD,Grenada,North America,Upper-middle-income countries,2007,29717446,3.634
GRD-2008,GRD,Grenada,North America,Upper-middle-income countries,2008,33862110,4.061
GRD-2009,GRD,Grenada,North America,Upper-middle-income countries,2009,50454880,6.473
GRD-2010,GRD,Grenada,North America,Upper-middle-income countries,2010,30994064,4.175
GRD-2011,GRD,Grenada,North America,Upper-middle-income countries,2011,8526637,1.61
GRD-2012,GRD,Grenada,North America,Upper-middle-income countries,2012,8108220,1
GRD-2013,GRD,Grenada,North America,Upper-middle-income countries,2013,13402241,1.533
GRD-2014,GRD,Grenada,North America,Upper-middle-income countries,2014,41682252,4.79
GRD-2015,GRD,Grenada,North America,Upper-middle-income countries,2015,28345972,2.735
GRD-2016,GRD,Grenada,North America,Upper-middle-income countries,2016,8633218,0.889
GRD-2017,GRD,Grenada,North America,Upper-middle-income countries,2017,6849668,0.581
GRD-2018,GRD,Grenada,North America,Upper-middle-income countries,2018,35779996,3.014
GRD-2019,GRD,Grenada,North America,Upper-middle-income countries,2019,16777728,1.344
GRD-2020,GRD,Grenada,North America,Upper-middle-income countries,2020,76692110,7.16
GRD-2021,GRD,Grenada,North America,Upper-middle-income countries,2021,70678650,6.655
GRD-2022,GRD,Grenada,North America,Upper-middle-income countries,2022,-100727920,-8.171
GRD-2023,GRD,Grenada,North America,Upper-middle-income countries,2023,37681110,3.11
GTM-2004,GTM,Guatemala,North America,Lower-middle-income countries,2004,305407580,1.008
GTM-2005,GTM,Guatemala,North America,Lower-middle-income countries,2005,334031170,1.025
GTM-2006,GTM,Guatemala,North America,Lower-middle-income countries,2006,595556100,1.723
GTM-2007,GTM,Guatemala,North America,Lower-middle-income countries,2007,503124030,1.421
GTM-2008,GTM,Guatemala,North America,Lower-middle-income countries,2008,557196000,1.425
GTM-2009,GTM,Guatemala,North America,Lower-middle-income countries,2009,416589760,1.046
GTM-2010,GTM,Guatemala,North America,Lower-middle-income countries,2010,440100160,1.01
GTM-2011,GTM,Guatemala,North America,Lower-middle-income countries,2011,380994100,0.776
GTM-2012,GTM,Guatemala,North America,Lower-middle-income countries,2012,338589700,0.628
GTM-2013,GTM,Guatemala,North America,Lower-middle-income countries,2013,544482100,0.959
GTM-2014,GTM,Guatemala,North America,Lower-middle-income countries,2014,317167140,0.497
GTM-2015,GTM,Guatemala,North America,Lower-middle-income countries,2015,497974800,0.678
GTM-2016,GTM,Guatemala,North America,Lower-middle-income countries,2016,327140740,0.411
GTM-2017,GTM,Guatemala,North America,Upper-middle-income countries,2017,444568130,0.523
GTM-2018,GTM,Guatemala,North America,Upper-middle-income countries,2018,461571650,0.556
GTM-2019,GTM,Guatemala,North America,Upper-middle-income countries,2019,451826780,0.514
GTM-2020,GTM,Guatemala,North America,Upper-middle-income countries,2020,528911800,0.622
GTM-2021,GTM,Guatemala,North America,Upper-middle-income countries,2021,552833340,0.61
GTM-2022,GTM,Guatemala,North America,Upper-middle-income countries,2022,469831400,0.47
GTM-2023,GTM,Guatemala,North America,Upper-middle-income countries,2023,458015900,0.436
GIN-2004,GIN,Guinea,Africa,Low-income countries,2004,356012770,5.461
GIN-2005,GIN,Guinea,Africa,Low-income countries,2005,249769390,4.819
GIN-2006,GIN,Guinea,Africa,Low-income countries,2006,213892720,4.143
GIN-2007,GIN,Guinea,Africa,Low-income countries,2007,289730400,4.142
GIN-2008,GIN,Guinea,Africa,Low-income countries,2008,375232580,5.11
GIN-2009,GIN,Guinea,Africa,Low-income countries,2009,231026660,3.324
GIN-2010,GIN,Guinea,Africa,Low-income countries,2010,241464200,3.243
GIN-2011,GIN,Guinea,Africa,Low-income countries,2011,211816780,3.038
GIN-2012,GIN,Guinea,Africa,Low-income countries,2012,676070200,8.424
GIN-2013,GIN,Guinea,Africa,Low-income countries,2013,472638050,5.864
GIN-2014,GIN,Guinea,Africa,Low-income countries,2014,591947800,6.574
GIN-2015,GIN,Guinea,Africa,Low-income countries,2015,643623040,6.235
GIN-2016,GIN,Guinea,Africa,Low-income countries,2016,682612800,6.675
GIN-2017,GIN,Guinea,Africa,Low-income countries,2017,548292300,4.596
GIN-2018,GIN,Guinea,Africa,Low-income countries,2018,734113600,5.602
GIN-2019,GIN,Guinea,Africa,Low-income countries,2019,641633600,4.222
GIN-2020,GIN,Guinea,Africa,Low-income countries,2020,804565800,5.216
GIN-2021,GIN,Guinea,Africa,Low-income countries,2021,620325500,3.627
GIN-2022,GIN,Guinea,Africa,Lower-middle-income countries,2022,543434900,2.568
GIN-2023,GIN,Guinea,Africa,Lower-middle-income countries,2023,523108640,2.499
GNB-2004,GNB,Guinea-Bissau,Africa,Low-income countries,2004,101369630,13.586
GNB-2005,GNB,Guinea-Bissau,Africa,Low-income countries,2005,85744856,10.58
GNB-2006,GNB,Guinea-Bissau,Africa,Low-income countries,2006,109028440,14.089
GNB-2007,GNB,Guinea-Bissau,Africa,Low-income countries,2007,140553440,16.901
GNB-2008,GNB,Guinea-Bissau,Africa,Low-income countries,2008,138547410,14.465
GNB-2009,GNB,Guinea-Bissau,Africa,Low-income countries,2009,156388960,16.997
GNB-2010,GNB,Guinea-Bissau,Africa,Low-income countries,2010,125219640,12.593
GNB-2011,GNB,Guinea-Bissau,Africa,Low-income countries,2011,121081280,10.592
GNB-2012,GNB,Guinea-Bissau,Africa,Low-income countries,2012,87574060,7.901
GNB-2013,GNB,Guinea-Bissau,Africa,Low-income countries,2013,112366460,9.585
GNB-2014,GNB,Guinea-Bissau,Africa,Low-income countries,2014,115345180,9.399
GNB-2015,GNB,Guinea-Bissau,Africa,Low-income countries,2015,114634776,8.072
GNB-2016,GNB,Guinea-Bissau,Africa,Low-income countries,2016,233604020,15.583
GNB-2017,GNB,Guinea-Bissau,Africa,Low-income countries,2017,133524470,7.638
GNB-2018,GNB,Guinea-Bissau,Africa,Low-income countries,2018,173066180,10.22
GNB-2019,GNB,Guinea-Bissau,Africa,Low-income countries,2019,129290860,7.027
GNB-2020,GNB,Guinea-Bissau,Africa,Low-income countries,2020,164512400,8.703
GNB-2021,GNB,Guinea-Bissau,Africa,Low-income countries,2021,178152460,8.999
GNB-2022,GNB,Guinea-Bissau,Africa,Low-income countries,2022,163326350,8.101
GNB-2023,GNB,Guinea-Bissau,Africa,Low-income countries,2023,200413870,9.303
GUY-2004,GUY,Guyana,South America,Lower-middle-income countries,2004,130375690,13.405
GUY-2005,GUY,Guyana,South America,Lower-middle-income countries,2005,132178610,12.607
GUY-2006,GUY,Guyana,South America,Lower-middle-income countries,2006,161968300,5.604
GUY-2007,GUY,Guyana,South America,Lower-middle-income countries,2007,92635770,2.871
GUY-2008,GUY,Guyana,South America,Lower-middle-income countries,2008,133109740,4
GUY-2009,GUY,Guyana,South America,Lower-middle-income countries,2009,127028904,3.532
GUY-2010,GUY,Guyana,South America,Lower-middle-income countries,2010,110380850,2.976
GUY-2011,GUY,Guyana,South America,Lower-middle-income countries,2011,105019140,2.869
GUY-2012,GUY,Guyana,South America,Lower-middle-income countries,2012,124669384,2.812
GUY-2013,GUY,Guyana,South America,Lower-middle-income countries,2013,109602100,2.413
GUY-2014,GUY,Guyana,South America,Lower-middle-income countries,2014,149812420,3.866
GUY-2015,GUY,Guyana,South America,Upper-middle-income countries,2015,37652052,0.747
GUY-2016,GUY,Guyana,South America,Upper-middle-income countries,2016,85042120,1.578
GUY-2017,GUY,Guyana,South America,Upper-middle-income countries,2017,59965108,1.096
GUY-2018,GUY,Guyana,South America,Upper-middle-income countries,2018,116724210,2.222
GUY-2019,GUY,Guyana,South America,Upper-middle-income countries,2019,125839580,2.21
GUY-2020,GUY,Guyana,South America,Upper-middle-income countries,2020,56383500,0.992
GUY-2021,GUY,Guyana,South America,Upper-middle-income countries,2021,145811580,2.172
GUY-2022,GUY,Guyana,South America,High-income countries,2022,213849070,2.249
GUY-2023,GUY,Guyana,South America,High-income countries,2023,142885300,1.036
HTI-2004,HTI,Haiti,North America,Low-income countries,2004,394178700,4.61
HTI-2005,HTI,Haiti,North America,Low-income countries,2005,509117000,5.241
HTI-2006,HTI,Haiti,North America,Low-income countries,2006,699450200,6.953
HTI-2007,HTI,Haiti,North America,Low-income countries,2007,759437300,6.745
HTI-2008,HTI,Haiti,North America,Low-income countries,2008,960465860,7.899
HTI-2009,HTI,Haiti,North America,Low-income countries,2009,1169604600,8.534
HTI-2010,HTI,Haiti,North America,Low-income countries,2010,3287980300,23.375
HTI-2011,HTI,Haiti,North America,Low-income countries,2011,1725519400,11.546
HTI-2012,HTI,Haiti,North America,Low-income countries,2012,1457542900,9.252
HTI-2013,HTI,Haiti,North America,Low-income countries,2013,1310536300,7.715
HTI-2014,HTI,Haiti,North America,Low-income countries,2014,1209014700,7.123
HTI-2015,HTI,Haiti,North America,Low-income countries,2015,1280878100,7.024
HTI-2016,HTI,Haiti,North America,Low-income countries,2016,1313832600,7.591
HTI-2017,HTI,Haiti,North America,Low-income countries,2017,1181156700,6.476
HTI-2018,HTI,Haiti,North America,Low-income countries,2018,1164257300,6.182
HTI-2019,HTI,Haiti,North America,Low-income countries,2019,806593100,4.626
HTI-2020,HTI,Haiti,North America,Lower-middle-income countries,2020,1004394050,6.115
HTI-2021,HTI,Haiti,North America,Lower-middle-income countries,2021,1015042900,4.558
HTI-2022,HTI,Haiti,North America,Lower-middle-income countries,2022,958502140,4.434
HTI-2023,HTI,Haiti,North America,Lower-middle-income countries,2023,1145615200,5.642
HND-2004,HND,Honduras,North America,Lower-middle-income countries,2004,708151000,6.413
HND-2005,HND,Honduras,North America,Lower-middle-income countries,2005,784864000,6.982
HND-2006,HND,Honduras,North America,Lower-middle-income countries,2006,592587200,4.99
HND-2007,HND,Honduras,North America,Lower-middle-income countries,2007,462152260,3.407
HND-2008,HND,Honduras,North America,Lower-middle-income countries,2008,498100220,3.43
HND-2009,HND,Honduras,North America,Lower-middle-income countries,2009,477800300,2.926
HND-2010,HND,Honduras,North America,Lower-middle-income countries,2010,408794340,2.35
HND-2011,HND,Honduras,North America,Lower-middle-income countries,2011,382796670,2.142
HND-2012,HND,Honduras,North America,Lower-middle-income countries,2012,613220350,3.283
HND-2013,HND,Honduras,North America,Lower-middle-income countries,2013,680788860,3.64
HND-2014,HND,Honduras,North America,Lower-middle-income countries,2014,658656260,3.337
HND-2015,HND,Honduras,North America,Lower-middle-income countries,2015,650004700,2.765
HND-2016,HND,Honduras,North America,Lower-middle-income countries,2016,498613020,2.042
HND-2017,HND,Honduras,North America,Lower-middle-income countries,2017,521585760,2.036
HND-2018,HND,Honduras,North America,Lower-middle-income countries,2018,756133250,2.999
HND-2019,HND,Honduras,North America,Lower-middle-income countries,2019,514913950,1.976
HND-2020,HND,Honduras,North America,Lower-middle-income countries,2020,1318775200,5.459
HND-2021,HND,Honduras,North America,Lower-middle-income countries,2021,657404350,2.399
HND-2022,HND,Honduras,North America,Lower-middle-income countries,2022,831263740,2.723
HND-2023,HND,Honduras,North America,Lower-middle-income countries,2023,579577300,1.788
IND-2004,IND,India,Asia,Low-income countries,2004,1028683140,0.111
IND-2005,IND,India,Asia,Low-income countries,2005,2294438700,0.23
IND-2006,IND,India,Asia,Low-income countries,2006,1670488300,0.148
IND-2007,IND,India,Asia,Lower-middle-income countries,2007,1433389200,0.11
IND-2008,IND,India,Asia,Lower-middle-income countries,2008,1960868000,0.169
IND-2009,IND,India,Asia,Lower-middle-income countries,2009,2578909200,0.184
IND-2010,IND,India,Asia,Lower-middle-income countries,2010,2466600700,0.154
IND-2011,IND,India,Asia,Lower-middle-income countries,2011,3128892700,0.181
IND-2012,IND,India,Asia,Lower-middle-income countries,2012,1507034600,0.093
IND-2013,IND,India,Asia,Lower-middle-income countries,2013,2428040000,0.134
IND-2014,IND,India,Asia,Lower-middle-income countries,2014,2986825700,0.148
IND-2015,IND,India,Asia,Lower-middle-income countries,2015,3553070000,0.153
IND-2016,IND,India,Asia,Lower-middle-income countries,2016,2818305500,0.118
IND-2017,IND,India,Asia,Lower-middle-income countries,2017,3225854000,0.122
IND-2018,IND,India,Asia,Lower-middle-income countries,2018,2321794000,0.092
IND-2019,IND,India,Asia,Lower-middle-income countries,2019,2301739300,0.091
IND-2020,IND,India,Asia,Lower-middle-income countries,2020,1771350400,0.068
IND-2021,IND,India,Asia,Lower-middle-income countries,2021,2680370000,0.1
IND-2022,IND,India,Asia,Lower-middle-income countries,2022,2632140500,0.085
IND-2023,IND,India,Asia,Lower-middle-income countries,2023,2240785000,0.066
IDN-2004,IDN,Indonesia,Asia,Lower-middle-income countries,2004,360185340,0.04
IDN-2005,IDN,Indonesia,Asia,Lower-middle-income countries,2005,2641490400,0.915
IDN-2006,IDN,Indonesia,Asia,Lower-middle-income countries,2006,1646473000,0.352
IDN-2007,IDN,Indonesia,Asia,Lower-middle-income countries,2007,976568800,0.178
IDN-2008,IDN,Indonesia,Asia,Lower-middle-income countries,2008,1400032800,0.233
IDN-2009,IDN,Indonesia,Asia,Lower-middle-income countries,2009,1306944500,0.173
IDN-2010,IDN,Indonesia,Asia,Lower-middle-income countries,2010,1306645400,0.165
IDN-2011,IDN,Indonesia,Asia,Lower-middle-income countries,2011,627395100,0.041
IDN-2012,IDN,Indonesia,Asia,Lower-middle-income countries,2012,407581730,0.008
IDN-2013,IDN,Indonesia,Asia,Lower-middle-income countries,2013,298643420,0.008
IDN-2014,IDN,Indonesia,Asia,Lower-middle-income countries,2014,-86113970,-0.044
IDN-2015,IDN,Indonesia,Asia,Lower-middle-income countries,2015,304351680,-0.003
IDN-2016,IDN,Indonesia,Asia,Lower-middle-income countries,2016,407149980,-0.012
IDN-2017,IDN,Indonesia,Asia,Lower-middle-income countries,2017,719517200,0.028
IDN-2018,IDN,Indonesia,Asia,Lower-middle-income countries,2018,1409941900,0.095
IDN-2019,IDN,Indonesia,Asia,Upper-middle-income countries,2019,-461431520,-0.064
IDN-2020,IDN,Indonesia,Asia,Lower-middle-income countries,2020,1436137000,0.118
IDN-2021,IDN,Indonesia,Asia,Lower-middle-income countries,2021,732022000,0.054
IDN-2022,IDN,Indonesia,Asia,Upper-middle-income countries,2022,772818600,0.052
IDN-2023,IDN,Indonesia,Asia,Upper-middle-income countries,2023,1168381800,0.087
IRN-2004,IRN,Iran,Asia,Lower-middle-income countries,2004,236016050,0.101
IRN-2005,IRN,Iran,Asia,Lower-middle-income countries,2005,130200424,0.045
IRN-2006,IRN,Iran,Asia,Lower-middle-income countries,2006,146634350,0.044
IRN-2007,IRN,Iran,Asia,Lower-middle-income countries,2007,117915600,0.03
IRN-2008,IRN,Iran,Asia,Lower-middle-income countries,2008,108637500,0.025
IRN-2009,IRN,Iran,Asia,Upper-middle-income countries,2009,105132500,0.022
IRN-2010,IRN,Iran,Asia,Upper-middle-income countries,2010,121665370,0.023
IRN-2011,IRN,Iran,Asia,Upper-middle-income countries,2011,115297310,0.017
IRN-2012,IRN,Iran,Asia,Upper-middle-income countries,2012,156158270,0.023
IRN-2013,IRN,Iran,Asia,Upper-middle-income countries,2013,136561140,0.026
IRN-2014,IRN,Iran,Asia,Upper-middle-income countries,2014,96424930,0.017
IRN-2015,IRN,Iran,Asia,Upper-middle-income countries,2015,135897200,0.027
IRN-2016,IRN,Iran,Asia,Upper-middle-income countries,2016,150919460,0.025
IRN-2017,IRN,Iran,Asia,Upper-middle-income countries,2017,165752460,0.029
IRN-2018,IRN,Iran,Asia,Upper-middle-income countries,2018,186517730,0.042
IRN-2019,IRN,Iran,Asia,Upper-middle-income countries,2019,234592900,0.062
IRN-2020,IRN,Iran,Asia,Lower-middle-income countries,2020,261433980,0.09
IRN-2021,IRN,Iran,Asia,Lower-middle-income countries,2021,311249100,0.08
IRN-2022,IRN,Iran,Asia,Lower-middle-income countries,2022,323345600,0.074
IRN-2023,IRN,Iran,Asia,Upper-middle-income countries,2023,248078880,0.06
IRQ-2004,IRQ,Iraq,Asia,Lower-middle-income countries,2004,6531078700,12.678
IRQ-2005,IRQ,Iraq,Asia,Lower-middle-income countries,2005,29193916000,43.62
IRQ-2006,IRQ,Iraq,Asia,Lower-middle-income countries,2006,11789375000,13.46
IRQ-2007,IRQ,Iraq,Asia,Lower-middle-income countries,2007,11324889000,10.191
IRQ-2008,IRQ,Iraq,Asia,Lower-middle-income countries,2008,10924690000,7.316
IRQ-2009,IRQ,Iraq,Asia,Lower-middle-income countries,2009,3797692200,2.432
IRQ-2010,IRQ,Iraq,Asia,Lower-middle-income countries,2010,2725401300,1.511
IRQ-2011,IRQ,Iraq,Asia,Lower-middle-income countries,2011,2228783400,1.032
IRQ-2012,IRQ,Iraq,Asia,Upper-middle-income countries,2012,1367721500,0.594
IRQ-2013,IRQ,Iraq,Asia,Upper-middle-income countries,2013,1512505700,0.66
IRQ-2014,IRQ,Iraq,Asia,Upper-middle-income countries,2014,1406934500,0.603
IRQ-2015,IRQ,Iraq,Asia,Upper-middle-income countries,2015,1702064600,0.897
IRQ-2016,IRQ,Iraq,Asia,Upper-middle-income countries,2016,2548056000,1.385
IRQ-2017,IRQ,Iraq,Asia,Upper-middle-income countries,2017,3319952600,1.565
IRQ-2018,IRQ,Iraq,Asia,Upper-middle-income countries,2018,2498675000,1.02
IRQ-2019,IRQ,Iraq,Asia,Upper-middle-income countries,2019,2390789000,0.9
IRQ-2020,IRQ,Iraq,Asia,Upper-middle-income countries,2020,2452948000,1.318
IRQ-2021,IRQ,Iraq,Asia,Upper-middle-income countries,2021,1872296100,0.871
IRQ-2022,IRQ,Iraq,Asia,Upper-middle-income countries,2022,1618009200,0.548
IRQ-2023,IRQ,Iraq,Asia,Upper-middle-income countries,2023,1993643000,0.744
JAM-2004,JAM,Jamaica,North America,Lower-middle-income countries,2004,125196570,0.904
JAM-2005,JAM,Jamaica,North America,Lower-middle-income countries,2005,66590720,0.414
JAM-2006,JAM,Jamaica,North America,Lower-middle-income countries,2006,56905228,0.36
JAM-2007,JAM,Jamaica,North America,Upper-middle-income countries,2007,35030308,0.261
JAM-2008,JAM,Jamaica,North America,Upper-middle-income countries,2008,93044150,0.683
JAM-2009,JAM,Jamaica,North America,Upper-middle-income countries,2009,166092770,1.33
JAM-2010,JAM,Jamaica,North America,Upper-middle-income countries,2010,156113680,1.119
JAM-2011,JAM,Jamaica,North America,Upper-middle-income countries,2011,53039910,0.295
JAM-2012,JAM,Jamaica,North America,Upper-middle-income countries,2012,41520988,0.192
JAM-2013,JAM,Jamaica,North America,Upper-middle-income countries,2013,83656024,0.514
JAM-2014,JAM,Jamaica,North America,Upper-middle-income countries,2014,106692376,0.706
JAM-2015,JAM,Jamaica,North America,Upper-middle-income countries,2015,75028820,0.43
JAM-2016,JAM,Jamaica,North America,Upper-middle-income countries,2016,38773732,0.199
JAM-2017,JAM,Jamaica,North America,Upper-middle-income countries,2017,76623360,0.428
JAM-2018,JAM,Jamaica,North America,Upper-middle-income countries,2018,117314480,0.663
JAM-2019,JAM,Jamaica,North America,Upper-middle-income countries,2019,145837090,0.818
JAM-2020,JAM,Jamaica,North America,Upper-middle-income countries,2020,76469380,0.508
JAM-2021,JAM,Jamaica,North America,Upper-middle-income countries,2021,65854508,0.421
JAM-2022,JAM,Jamaica,North America,Upper-middle-income countries,2022,102725970,0.577
JAM-2023,JAM,Jamaica,North America,Upper-middle-income countries,2023,87735304,0.452
JOR-2004,JOR,Jordan,Asia,Lower-middle-income countries,2004,904585500,5.174
JOR-2005,JOR,Jordan,Asia,Lower-middle-income countries,2005,993656100,5.492
JOR-2006,JOR,Jordan,Asia,Lower-middle-income countries,2006,808596400,3.698
JOR-2007,JOR,Jordan,Asia,Lower-middle-income countries,2007,821739970,3.571
JOR-2008,JOR,Jordan,Asia,Lower-middle-income countries,2008,944714600,3.182
JOR-2009,JOR,Jordan,Asia,Lower-middle-income countries,2009,965827260,2.972
JOR-2010,JOR,Jordan,Asia,Upper-middle-income countries,2010,1117542500,3.275
JOR-2011,JOR,Jordan,Asia,Upper-middle-income countries,2011,1214721800,3.329
JOR-2012,JOR,Jordan,Asia,Upper-middle-income countries,2012,1386275500,3.704
JOR-2013,JOR,Jordan,Asia,Upper-middle-income countries,2013,1636393500,4.105
JOR-2014,JOR,Jordan,Asia,Upper-middle-income countries,2014,3128775200,7.403
JOR-2015,JOR,Jordan,Asia,Upper-middle-income countries,2015,2580702700,5.612
JOR-2016,JOR,Jordan,Asia,Lower-middle-income countries,2016,3325662700,6.891
JOR-2017,JOR,Jordan,Asia,Upper-middle-income countries,2017,3514757600,7.197
JOR-2018,JOR,Jordan,Asia,Upper-middle-income countries,2018,2990752000,5.851
JOR-2019,JOR,Jordan,Asia,Upper-middle-income countries,2019,3152806400,6.046
JOR-2020,JOR,Jordan,Asia,Upper-middle-income countries,2020,3519486000,7.151
JOR-2021,JOR,Jordan,Asia,Upper-middle-income countries,2021,3697905200,7.458
JOR-2022,JOR,Jordan,Asia,Lower-middle-income countries,2022,2142586600,4.119
JOR-2023,JOR,Jordan,Asia,Lower-middle-income countries,2023,2903349800,5.589
KAZ-2004,KAZ,Kazakhstan,Asia,Lower-middle-income countries,2004,296627100,0.674
KAZ-2005,KAZ,Kazakhstan,Asia,Lower-middle-income countries,2005,258121710,0.437
KAZ-2006,KAZ,Kazakhstan,Asia,Upper-middle-income countries,2006,214910990,0.249
KAZ-2007,KAZ,Kazakhstan,Asia,Upper-middle-income countries,2007,298013920,0.284
KAZ-2008,KAZ,Kazakhstan,Asia,Upper-middle-income countries,2008,387091400,0.296
KAZ-2009,KAZ,Kazakhstan,Asia,Upper-middle-income countries,2009,329122900,0.287
KAZ-2010,KAZ,Kazakhstan,Asia,Upper-middle-income countries,2010,225040980,0.154
KAZ-2011,KAZ,Kazakhstan,Asia,Upper-middle-income countries,2011,216422290,0.122
KAZ-2012,KAZ,Kazakhstan,Asia,Upper-middle-income countries,2012,144799820,0.073
KAZ-2013,KAZ,Kazakhstan,Asia,Upper-middle-income countries,2013,96060856,0.043
KAZ-2014,KAZ,Kazakhstan,Asia,Upper-middle-income countries,2014,109071480,0.047
KAZ-2015,KAZ,Kazakhstan,Asia,Upper-middle-income countries,2015,108306410,0.047
KAZ-2016,KAZ,Kazakhstan,Asia,Upper-middle-income countries,2016,89658200,0.051
KAZ-2017,KAZ,Kazakhstan,Asia,Upper-middle-income countries,2017,86143410,0.04
KAZ-2018,KAZ,Kazakhstan,Asia,Upper-middle-income countries,2018,114851860,0.051
KAZ-2019,KAZ,Kazakhstan,Asia,Upper-middle-income countries,2019,83940540,0.034
KAZ-2020,KAZ,Kazakhstan,Asia,Upper-middle-income countries,2020,107818296,0.048
KAZ-2021,KAZ,Kazakhstan,Asia,Upper-middle-income countries,2021,81154880,0.034
KAZ-2022,KAZ,Kazakhstan,Asia,Upper-middle-income countries,2022,94489200,0.037
KAZ-2023,KAZ,Kazakhstan,Asia,Upper-middle-income countries,2023,87153000,0.034
KEN-2004,KEN,Kenya,Africa,Low-income countries,2004,844536100,4.111
KEN-2005,KEN,Kenya,Africa,Low-income countries,2005,955745800,4.039
KEN-2006,KEN,Kenya,Africa,Low-income countries,2006,1163407200,3.656
KEN-2007,KEN,Kenya,Africa,Low-income countries,2007,1553663900,4.179
KEN-2008,KEN,Kenya,Africa,Low-income countries,2008,1584596000,3.802
KEN-2009,KEN,Kenya,Africa,Low-income countries,2009,2138666800,4.821
KEN-2010,KEN,Kenya,Africa,Low-income countries,2010,1784526500,3.738
KEN-2011,KEN,Kenya,Africa,Low-income countries,2011,2772415000,5.907
KEN-2012,KEN,Kenya,Africa,Low-income countries,2012,3011747600,5.288
KEN-2013,KEN,Kenya,Africa,Low-income countries,2013,3628689700,6.068
KEN-2014,KEN,Kenya,Africa,Lower-middle-income countries,2014,2971932700,4.393
KEN-2015,KEN,Kenya,Africa,Lower-middle-income countries,2015,2925456600,3.898
KEN-2016,KEN,Kenya,Africa,Lower-middle-income countries,2016,2657144000,2.965
KEN-2017,KEN,Kenya,Africa,Lower-middle-income countries,2017,2962706200,3.082
KEN-2018,KEN,Kenya,Africa,Lower-middle-income countries,2018,2841623600,2.743
KEN-2019,KEN,Kenya,Africa,Lower-middle-income countries,2019,3607501000,3.213
KEN-2020,KEN,Kenya,Africa,Lower-middle-income countries,2020,4433423400,3.991
KEN-2021,KEN,Kenya,Africa,Lower-middle-income countries,2021,3316703500,2.938
KEN-2022,KEN,Kenya,Africa,Lower-middle-income countries,2022,2808673300,2.342
KEN-2023,KEN,Kenya,Africa,Lower-middle-income countries,2023,2690783200,2.476
KIR-2004,KIR,Kiribati,Oceania,Lower-middle-income countries,2004,21009432,9.64
KIR-2005,KIR,Kiribati,Oceania,Lower-middle-income countries,2005,30141294,16.545
KIR-2006,KIR,Kiribati,Oceania,Lower-middle-income countries,2006,29612762,16.256
KIR-2007,KIR,Kiribati,Oceania,Lower-middle-income countries,2007,28387336,14.106
KIR-2008,KIR,Kiribati,Oceania,Lower-middle-income countries,2008,28113012,12.787
KIR-2009,KIR,Kiribati,Oceania,Lower-middle-income countries,2009,28186342,13.166
KIR-2010,KIR,Kiribati,Oceania,Lower-middle-income countries,2010,21998386,9.319
KIR-2011,KIR,Kiribati,Oceania,Lower-middle-income countries,2011,58797020,24.174
KIR-2012,KIR,Kiribati,Oceania,Lower-middle-income countries,2012,55909196,21.53
KIR-2013,KIR,Kiribati,Oceania,Lower-middle-income countries,2013,60372296,20.245
KIR-2014,KIR,Kiribati,Oceania,Lower-middle-income countries,2014,79889200,22.468
KIR-2015,KIR,Kiribati,Oceania,Lower-middle-income countries,2015,76192920,17.414
KIR-2016,KIR,Kiribati,Oceania,Lower-middle-income countries,2016,70769050,17.585
KIR-2017,KIR,Kiribati,Oceania,Lower-middle-income countries,2017,85552536,19.581
KIR-2018,KIR,Kiribati,Oceania,Lower-middle-income countries,2018,82148550,19.809
KIR-2019,KIR,Kiribati,Oceania,Lower-middle-income countries,2019,60656140,13.752
KIR-2020,KIR,Kiribati,Oceania,Lower-middle-income countries,2020,60991252,15.356
KIR-2021,KIR,Kiribati,Oceania,Lower-middle-income countries,2021,72823620,16.28
KIR-2022,KIR,Kiribati,Oceania,Lower-middle-income countries,2022,95370984,22.1
KIR-2023,KIR,Kiribati,Oceania,Lower-middle-income countries,2023,99082984,20.656
KGZ-2004,KGZ,Kyrgyzstan,Asia,Low-income countries,2004,265500370,9.801
KGZ-2005,KGZ,Kyrgyzstan,Asia,Low-income countries,2005,293219650,10.028
KGZ-2006,KGZ,Kyrgyzstan,Asia,Low-income countries,2006,321974600,9.711
KGZ-2007,KGZ,Kyrgyzstan,Asia,Low-income countries,2007,280108350,6.784
KGZ-2008,KGZ,Kyrgyzstan,Asia,Low-income countries,2008,343236500,6.412
KGZ-2009,KGZ,Kyrgyzstan,Asia,Low-income countries,2009,305817150,6.197
KGZ-2010,KGZ,Kyrgyzstan,Asia,Low-income countries,2010,345529300,7.289
KGZ-2011,KGZ,Kyrgyzstan,Asia,Low-income countries,2011,448682850,7.905
KGZ-2012,KGZ,Kyrgyzstan,Asia,Low-income countries,2012,478316770,7.31
KGZ-2013,KGZ,Kyrgyzstan,Asia,Lower-middle-income countries,2013,531227170,7.805
KGZ-2014,KGZ,Kyrgyzstan,Asia,Lower-middle-income countries,2014,609830460,8.752
KGZ-2015,KGZ,Kyrgyzstan,Asia,Lower-middle-income countries,2015,879977100,12.073
KGZ-2016,KGZ,Kyrgyzstan,Asia,Lower-middle-income countries,2016,610014100,8.048
KGZ-2017,KGZ,Kyrgyzstan,Asia,Lower-middle-income countries,2017,512759100,6.343
KGZ-2018,KGZ,Kyrgyzstan,Asia,Lower-middle-income countries,2018,503695800,5.473
KGZ-2019,KGZ,Kyrgyzstan,Asia,Lower-middle-income countries,2019,497342620,5.173
KGZ-2020,KGZ,Kyrgyzstan,Asia,Lower-middle-income countries,2020,533401380,5.928
KGZ-2021,KGZ,Kyrgyzstan,Asia,Lower-middle-income countries,2021,483811260,5.259
KGZ-2022,KGZ,Kyrgyzstan,Asia,Lower-middle-income countries,2022,796015800,6.196
KGZ-2023,KGZ,Kyrgyzstan,Asia,Lower-middle-income countries,2023,443128200,2.876
LAO-2004,LAO,Laos,Asia,Low-income countries,2004,264871620,10.18
LAO-2005,LAO,Laos,Asia,Low-income countries,2005,282909060,9.037
LAO-2006,LAO,Laos,Asia,Low-income countries,2006,350538800,9.413
LAO-2007,LAO,Laos,Asia,Low-income countries,2007,363174270,8.442
LAO-2008,LAO,Laos,Asia,Low-income countries,2008,474045980,8.811
LAO-2009,LAO,Laos,Asia,Low-income countries,2009,382232480,6.579
LAO-2010,LAO,Laos,Asia,Lower-middle-income countries,2010,334504540,5.24
LAO-2011,LAO,Laos,Asia,Lower-middle-income countries,2011,358218720,4.56
LAO-2012,LAO,Laos,Asia,Lower-middle-income countries,2012,394658370,4.285
LAO-2013,LAO,Laos,Asia,Lower-middle-income countries,2013,419502530,3.733
LAO-2014,LAO,Laos,Asia,Lower-middle-income countries,2014,471116900,3.738
LAO-2015,LAO,Laos,Asia,Lower-middle-income countries,2015,514670900,3.417
LAO-2016,LAO,Laos,Asia,Lower-middle-income countries,2016,452752200,2.623
LAO-2017,LAO,Laos,Asia,Lower-middle-income countries,2017,529724480,2.971
LAO-2018,LAO,Laos,Asia,Lower-middle-income countries,2018,630622800,3.392
LAO-2019,LAO,Laos,Asia,Lower-middle-income countries,2019,687300200,3.526
LAO-2020,LAO,Laos,Asia,Lower-middle-income countries,2020,564589700,2.973
LAO-2021,LAO,Laos,Asia,Lower-middle-income countries,2021,589924540,3.25
LAO-2022,LAO,Laos,Asia,Lower-middle-income countries,2022,576883700,3.825
LAO-2023,LAO,Laos,Asia,Lower-middle-income countries,2023,524436640,3.511
LBN-2004,LBN,Lebanon,Asia,Upper-middle-income countries,2004,344474700,1.311
LBN-2005,LBN,Lebanon,Asia,Upper-middle-income countries,2005,296831520,1.083
LBN-2006,LBN,Lebanon,Asia,Upper-middle-income countries,2006,1012851840,3.694
LBN-2007,LBN,Lebanon,Asia,Upper-middle-income countries,2007,1119306600,3.828
LBN-2008,LBN,Lebanon,Asia,Upper-middle-income countries,2008,1152454900,3.615
LBN-2009,LBN,Lebanon,Asia,Upper-middle-income countries,2009,660583000,1.649
LBN-2010,LBN,Lebanon,Asia,Upper-middle-income countries,2010,470136160,1.102
LBN-2011,LBN,Lebanon,Asia,Upper-middle-income countries,2011,510460160,1.198
LBN-2012,LBN,Lebanon,Asia,Upper-middle-income countries,2012,838306200,1.624
LBN-2013,LBN,Lebanon,Asia,Upper-middle-income countries,2013,663675700,1.332
LBN-2014,LBN,Lebanon,Asia,Upper-middle-income countries,2014,876427260,1.728
LBN-2015,LBN,Lebanon,Asia,Upper-middle-income countries,2015,1175549200,1.954
LBN-2016,LBN,Lebanon,Asia,Upper-middle-income countries,2016,1386378500,2.244
LBN-2017,LBN,Lebanon,Asia,Upper-middle-income countries,2017,1562340900,2.467
LBN-2018,LBN,Lebanon,Asia,Upper-middle-income countries,2018,1627471100,2.644
LBN-2019,LBN,Lebanon,Asia,Upper-middle-income countries,2019,1455135500,2.458
LBN-2020,LBN,Lebanon,Asia,Upper-middle-income countries,2020,1621169500,4.635
LBN-2021,LBN,Lebanon,Asia,Lower-middle-income countries,2021,1493246800,6.616
LBN-2022,LBN,Lebanon,Asia,Lower-middle-income countries,2022,1552641500,7.085
LBN-2023,LBN,Lebanon,Asia,Lower-middle-income countries,2023,1791454100,8.736
LSO-2004,LSO,Lesotho,Africa,Low-income countries,2004,122746700,4.598
LSO-2005,LSO,Lesotho,Africa,Lower-middle-income countries,2005,82909740,3.135
LSO-2006,LSO,Lesotho,Africa,Lower-middle-income countries,2006,84581384,3.174
LSO-2007,LSO,Lesotho,Africa,Lower-middle-income countries,2007,149793970,5.582
LSO-2008,LSO,Lesotho,Africa,Lower-middle-income countries,2008,153307900,6.047
LSO-2009,LSO,Lesotho,Africa,Lower-middle-income countries,2009,140843490,5.332
LSO-2010,LSO,Lesotho,Africa,Lower-middle-income countries,2010,255026740,7.6
LSO-2011,LSO,Lesotho,Africa,Lower-middle-income countries,2011,291376260,8.312
LSO-2012,LSO,Lesotho,Africa,Lower-middle-income countries,2012,331694050,9.549
LSO-2013,LSO,Lesotho,Africa,Lower-middle-income countries,2013,383483780,11.794
LSO-2014,LSO,Lesotho,Africa,Lower-middle-income countries,2014,122382150,3.94
LSO-2015,LSO,Lesotho,Africa,Lower-middle-income countries,2015,105296216,3.277
LSO-2016,LSO,Lesotho,Africa,Lower-middle-income countries,2016,138533550,4.667
LSO-2017,LSO,Lesotho,Africa,Lower-middle-income countries,2017,176329180,5.56
LSO-2018,LSO,Lesotho,Africa,Lower-middle-income countries,2018,180585380,5.053
LSO-2019,LSO,Lesotho,Africa,Lower-middle-income countries,2019,163561570,4.95
LSO-2020,LSO,Lesotho,Africa,Lower-middle-income countries,2020,195924540,7.045
LSO-2021,LSO,Lesotho,Africa,Lower-middle-income countries,2021,195389980,6.408
LSO-2022,LSO,Lesotho,Africa,Lower-middle-income countries,2022,164390290,5.438
LSO-2023,LSO,Lesotho,Africa,Lower-middle-income countries,2023,175392600,6.651
LBR-2004,LBR,Liberia,Africa,Low-income countries,2004,303935650,29.192
LBR-2005,LBR,Liberia,Africa,Low-income countries,2005,302114080,28.007
LBR-2006,LBR,Liberia,Africa,Low-income countries,2006,332909100,26.981
LBR-2007,LBR,Liberia,Africa,Low-income countries,2007,1300864600,92.127
LBR-2008,LBR,Liberia,Africa,Low-income countries,2008,1425277400,79.847
LBR-2009,LBR,Liberia,Africa,Low-income countries,2009,577222800,31.47
LBR-2010,LBR,Liberia,Africa,Low-income countries,2010,1476883300,75.382
LBR-2011,LBR,Liberia,Africa,Low-income countries,2011,813495000,33.535
LBR-2012,LBR,Liberia,Africa,Low-income countries,2012,632507460,22.399
LBR-2013,LBR,Liberia,Africa,Low-income countries,2013,586409000,18.635
LBR-2014,LBR,Liberia,Africa,Low-income countries,2014,821485900,25.911
LBR-2015,LBR,Liberia,Africa,Low-income countries,2015,1340959700,37.138
LBR-2016,LBR,Liberia,Africa,Low-income countries,2016,1001034800,26.281
LBR-2017,LBR,Liberia,Africa,Low-income countries,2017,751758200,20.453
LBR-2018,LBR,Liberia,Africa,Low-income countries,2018,679846460,19.891
LBR-2019,LBR,Liberia,Africa,Low-income countries,2019,669487550,19.642
LBR-2020,LBR,Liberia,Africa,Low-income countries,2020,731875500,22.624
LBR-2021,LBR,Liberia,Africa,Low-income countries,2021,639956800,18.457
LBR-2022,LBR,Liberia,Africa,Low-income countries,2022,519483330,12.943
LBR-2023,LBR,Liberia,Africa,Low-income countries,2023,560080300,13.279
LBY-2005,LBY,Libya,Africa,Upper-middle-income countries,2005,28794574,0.051
LBY-2006,LBY,Libya,Africa,Upper-middle-income countries,2006,52364136,0.062
LBY-2007,LBY,Libya,Africa,Upper-middle-income countries,2007,22459336,0.028
LBY-2008,LBY,Libya,Africa,Upper-middle-income countries,2008,80122940,0.085
LBY-2009,LBY,Libya,Africa,Upper-middle-income countries,2009,43297890,0.065
LBY-2010,LBY,Libya,Africa,Upper-middle-income countries,2010,9674750,0.01
LBY-2011,LBY,Libya,Africa,Upper-middle-income countries,2011,733433150,1.329
LBY-2012,LBY,Libya,Africa,Upper-middle-income countries,2012,101430456,0.096
LBY-2013,LBY,Libya,Africa,Upper-middle-income countries,2013,135193140,0.172
LBY-2014,LBY,Libya,Africa,Upper-middle-income countries,2014,221132240,0.363
LBY-2015,LBY,Libya,Africa,Upper-middle-income countries,2015,188600670,0.315
LBY-2016,LBY,Libya,Africa,Upper-middle-income countries,2016,218660660,0.354
LBY-2017,LBY,Libya,Africa,Upper-middle-income countries,2017,517693540,0.631
LBY-2018,LBY,Libya,Africa,Upper-middle-income countries,2018,350257150,0.391
LBY-2019,LBY,Libya,Africa,Upper-middle-income countries,2019,343909150,0.415
LBY-2020,LBY,Libya,Africa,Upper-middle-income countries,2020,332870430,0.622
LBY-2021,LBY,Libya,Africa,Upper-middle-income countries,2021,368943700,0.996
LBY-2022,LBY,Libya,Africa,Upper-middle-income countries,2022,290980960,0.617
LBY-2023,LBY,Libya,Africa,Upper-middle-income countries,2023,370062820,0.794
MDG-2004,MDG,Madagascar,Africa,Low-income countries,2004,1574812200,25.095
MDG-2005,MDG,Madagascar,Africa,Low-income countries,2005,1147139700,15.969
MDG-2006,MDG,Madagascar,Africa,Low-income countries,2006,951193700,12.553
MDG-2007,MDG,Madagascar,Africa,Low-income countries,2007,983283140,10.627
MDG-2008,MDG,Madagascar,Africa,Low-income countries,2008,915524350,7.974
MDG-2009,MDG,Madagascar,Africa,Low-income countries,2009,483392540,4.588
MDG-2010,MDG,Madagascar,Africa,Low-income countries,2010,436030460,3.92
MDG-2011,MDG,Madagascar,Africa,Low-income countries,2011,472872540,3.944
MDG-2012,MDG,Madagascar,Africa,Low-income countries,2012,398253950,3.288
MDG-2013,MDG,Madagascar,Africa,Low-income countries,2013,519619680,4.161
MDG-2014,MDG,Madagascar,Africa,Low-income countries,2014,627863800,4.811
MDG-2015,MDG,Madagascar,Africa,Low-income countries,2015,815251140,6.189
MDG-2016,MDG,Madagascar,Africa,Low-income countries,2016,750412900,5.433
MDG-2017,MDG,Madagascar,Africa,Low-income countries,2017,909447300,6.076
MDG-2018,MDG,Madagascar,Africa,Low-income countries,2018,839051500,5.65
MDG-2019,MDG,Madagascar,Africa,Low-income countries,2019,831506750,5.371
MDG-2020,MDG,Madagascar,Africa,Low-income countries,2020,1427615100,10.26
MDG-2021,MDG,Madagascar,Africa,Low-income countries,2021,1117568900,7.587
MDG-2022,MDG,Madagascar,Africa,Low-income countries,2022,1074415100,6.716
MDG-2023,MDG,Madagascar,Africa,Low-income countries,2023,1284491900,8.119
MWI-2004,MWI,Malawi,Africa,Low-income countries,2004,652174500,10.122
MWI-2005,MWI,Malawi,Africa,Low-income countries,2005,715727200,10.862
MWI-2006,MWI,Malawi,Africa,Low-income countries,2006,864787840,12.506
MWI-2007,MWI,Malawi,Africa,Low-income countries,2007,849534660,11.923
MWI-2008,MWI,Malawi,Africa,Low-income countries,2008,992618430,11.977
MWI-2009,MWI,Malawi,Africa,Low-income countries,2009,880295600,8.641
MWI-2010,MWI,Malawi,Africa,Low-income countries,2010,981793500,8.82
MWI-2011,MWI,Malawi,Africa,Low-income countries,2011,863292350,6.922
MWI-2012,MWI,Malawi,Africa,Low-income countries,2012,1278581100,13.555
MWI-2013,MWI,Malawi,Africa,Low-income countries,2013,1221766800,14.387
MWI-2014,MWI,Malawi,Africa,Low-income countries,2014,1000931650,10.776
MWI-2015,MWI,Malawi,Africa,Low-income countries,2015,1252966400,11.664
MWI-2016,MWI,Malawi,Africa,Low-income countries,2016,1515779200,15.742
MWI-2017,MWI,Malawi,Africa,Low-income countries,2017,1813784000,17.404
MWI-2018,MWI,Malawi,Africa,Low-income countries,2018,1478345000,13.385
MWI-2019,MWI,Malawi,Africa,Low-income countries,2019,1344712800,10.836
MWI-2020,MWI,Malawi,Africa,Low-income countries,2020,1646178000,12.724
MWI-2021,MWI,Malawi,Africa,Low-income countries,2021,1257423900,9.875
MWI-2022,MWI,Malawi,Africa,Low-income countries,2022,1462866700,11.376
MWI-2023,MWI,Malawi,Africa,Low-income countries,2023,1774112900,14.04
MYS-2004,MYS,Malaysia,Asia,Upper-middle-income countries,2004,246180180,0.253
MYS-2005,MYS,Malaysia,Asia,Upper-middle-income countries,2005,38223504,0.021
MYS-2006,MYS,Malaysia,Asia,Upper-middle-income countries,2006,213016450,0.153
MYS-2007,MYS,Malaysia,Asia,Upper-middle-income countries,2007,167749730,0.107
MYS-2008,MYS,Malaysia,Asia,Upper-middle-income countries,2008,132223010,0.07
MYS-2009,MYS,Malaysia,Asia,Upper-middle-income countries,2009,120078424,0.071
MYS-2010,MYS,Malaysia,Asia,Upper-middle-income countries,2010,20930828,-0.003
MYS-2011,MYS,Malaysia,Asia,Upper-middle-income countries,2011,52530268,0.014
MYS-2012,MYS,Malaysia,Asia,Upper-middle-income countries,2012,24851640,0.006
MYS-2013,MYS,Malaysia,Asia,Upper-middle-income countries,2013,-66456268,-0.036
MYS-2014,MYS,Malaysia,Asia,Upper-middle-income countries,2014,30245560,0.006
MYS-2015,MYS,Malaysia,Asia,Upper-middle-income countries,2015,14662647,0
MYS-2016,MYS,Malaysia,Asia,Upper-middle-income countries,2016,-22117034,-0.018
MYS-2017,MYS,Malaysia,Asia,Upper-middle-income countries,2017,398060,-0.009
MYS-2018,MYS,Malaysia,Asia,Upper-middle-income countries,2018,-5291843,-0.01
MYS-2019,MYS,Malaysia,Asia,Upper-middle-income countries,2019,26200102,-0.001
MYS-2020,MYS,Malaysia,Asia,Upper-middle-income countries,2020,25649616,-0.001
MYS-2021,MYS,Malaysia,Asia,Upper-middle-income countries,2021,36468884,0.004
MYS-2022,MYS,Malaysia,Asia,Upper-middle-income countries,2022,17227436,0.002
MYS-2023,MYS,Malaysia,Asia,Upper-middle-income countries,2023,11032155,0.002
MDV-2004,MDV,Maldives,Asia,Lower-middle-income countries,2004,32218712,2.232
MDV-2005,MDV,Maldives,Asia,Lower-middle-income countries,2005,79693150,6.395
MDV-2006,MDV,Maldives,Asia,Lower-middle-income countries,2006,40477850,2.221
MDV-2007,MDV,Maldives,Asia,Lower-middle-income countries,2007,37040400,2.128
MDV-2008,MDV,Maldives,Asia,Lower-middle-income countries,2008,54461030,2.66
MDV-2009,MDV,Maldives,Asia,Lower-middle-income countries,2009,25065116,1.392
MDV-2010,MDV,Maldives,Asia,Upper-middle-income countries,2010,55674970,2.939
MDV-2011,MDV,Maldives,Asia,Upper-middle-income countries,2011,48900756,2.009
MDV-2012,MDV,Maldives,Asia,Upper-middle-income countries,2012,57208976,2.17
MDV-2013,MDV,Maldives,Asia,Upper-middle-income countries,2013,21264952,0.74
MDV-2014,MDV,Maldives,Asia,Upper-middle-income countries,2014,22044360,0.675
MDV-2015,MDV,Maldives,Asia,Upper-middle-income countries,2015,26170600,0.632
MDV-2016,MDV,Maldives,Asia,Upper-middle-income countries,2016,24116050,0.56
MDV-2017,MDV,Maldives,Asia,Upper-middle-income countries,2017,52797830,1.047
MDV-2018,MDV,Maldives,Asia,Upper-middle-income countries,2018,147125070,2.676
MDV-2019,MDV,Maldives,Asia,Upper-middle-income countries,2019,77198540,1.386
MDV-2020,MDV,Maldives,Asia,Upper-middle-income countries,2020,325344200,9.159
MDV-2021,MDV,Maldives,Asia,Upper-middle-income countries,2021,112166904,2.406
MDV-2022,MDV,Maldives,Asia,Upper-middle-income countries,2022,127094590,2.2
MDV-2023,MDV,Maldives,Asia,Upper-middle-income countries,2023,204582500,3.437
MLI-2004,MLI,Mali,Africa,Low-income countries,2004,773932900,8.461
MLI-2005,MLI,Mali,Africa,Low-income countries,2005,925930200,9.286
MLI-2006,MLI,Mali,Africa,Low-income countries,2006,1071751700,10.106
MLI-2007,MLI,Mali,Africa,Low-income countries,2007,1144579200,10.213
MLI-2008,MLI,Mali,Africa,Low-income countries,2008,1028514750,8.1
MLI-2009,MLI,Mali,Africa,Low-income countries,2009,1105192600,8.116
MLI-2010,MLI,Mali,Africa,Low-income countries,2010,1062849340,7.322
MLI-2011,MLI,Mali,Africa,Low-income countries,2011,1371899400,8.426
MLI-2012,MLI,Mali,Africa,Low-income countries,2012,1153366000,6.898
MLI-2013,MLI,Mali,Africa,Low-income countries,2013,1484050200,9.112
MLI-2014,MLI,Mali,Africa,Low-income countries,2014,1318228500,7.463
MLI-2015,MLI,Mali,Africa,Low-income countries,2015,1444482300,7.861
MLI-2016,MLI,Mali,Africa,Low-income countries,2016,1465729500,7.362
MLI-2017,MLI,Mali,Africa,Low-income countries,2017,1605676800,7.638
MLI-2018,MLI,Mali,Africa,Low-income countries,2018,1766806300,7.84
MLI-2019,MLI,Mali,Africa,Low-income countries,2019,2099261400,9.184
MLI-2020,MLI,Mali,Africa,Low-income countries,2020,1758074900,7.853
MLI-2021,MLI,Mali,Africa,Low-income countries,2021,1511821600,6.495
MLI-2022,MLI,Mali,Africa,Low-income countries,2022,1294879700,5.563
MLI-2023,MLI,Mali,Africa,Low-income countries,2023,1309043700,5.388
MHL-2004,MHL,Marshall Islands,Oceania,Lower-middle-income countries,2004,74202270,29.538
MHL-2005,MHL,Marshall Islands,Oceania,Lower-middle-income countries,2005,78459660,31.445
MHL-2006,MHL,Marshall Islands,Oceania,Lower-middle-income countries,2006,80329900,30.567
MHL-2007,MHL,Marshall Islands,Oceania,Lower-middle-income countries,2007,75154790,27.769
MHL-2008,MHL,Marshall Islands,Oceania,Lower-middle-income countries,2008,72783176,28.153
MHL-2009,MHL,Marshall Islands,Oceania,Lower-middle-income countries,2009,79495300,32.024
MHL-2010,MHL,Marshall Islands,Oceania,Lower-middle-income countries,2010,24081340,12.492
MHL-2011,MHL,Marshall Islands,Oceania,Lower-middle-income countries,2011,109551176,40.44
MHL-2012,MHL,Marshall Islands,Oceania,Upper-middle-income countries,2012,101999600,40.118
MHL-2013,MHL,Marshall Islands,Oceania,Upper-middle-income countries,2013,113668220,42.226
MHL-2014,MHL,Marshall Islands,Oceania,Upper-middle-income countries,2014,68506330,24.428
MHL-2015,MHL,Marshall Islands,Oceania,Upper-middle-income countries,2015,70700584,23.58
MHL-2016,MHL,Marshall Islands,Oceania,Upper-middle-income countries,2016,13951347,4.927
MHL-2017,MHL,Marshall Islands,Oceania,Upper-middle-income countries,2017,87376760,27.783
MHL-2018,MHL,Marshall Islands,Oceania,Upper-middle-income countries,2018,64084130,20.299
MHL-2019,MHL,Marshall Islands,Oceania,Upper-middle-income countries,2019,74409070,23.315
MHL-2020,MHL,Marshall Islands,Oceania,Upper-middle-income countries,2020,207373870,63.793
MHL-2021,MHL,Marshall Islands,Oceania,Upper-middle-income countries,2021,119593080,37.687
MHL-2022,MHL,Marshall Islands,Oceania,Upper-middle-income countries,2022,147926380,48.209
MHL-2023,MHL,Marshall Islands,Oceania,Upper-middle-income countries,2023,128444840,40.687
MRT-2004,MRT,Mauritania,Africa,Low-income countries,2004,246701940,8.022
MRT-2005,MRT,Mauritania,Africa,Low-income countries,2005,234325600,6.291
MRT-2006,MRT,Mauritania,Africa,Low-income countries,2006,260541000,5.626
MRT-2007,MRT,Mauritania,Africa,Low-income countries,2007,381098620,8.141
MRT-2008,MRT,Mauritania,Africa,Low-income countries,2008,484476540,8.775
MRT-2009,MRT,Mauritania,Africa,Low-income countries,2009,407072000,7.889
MRT-2010,MRT,Mauritania,Africa,Lower-middle-income countries,2010,339421700,5.653
MRT-2011,MRT,Mauritania,Africa,Low-income countries,2011,390431800,5.776
MRT-2012,MRT,Mauritania,Africa,Lower-middle-income countries,2012,438016130,6.269
MRT-2013,MRT,Mauritania,Africa,Lower-middle-income countries,2013,306611800,4.194
MRT-2014,MRT,Mauritania,Africa,Lower-middle-income countries,2014,270483680,4.112
MRT-2015,MRT,Mauritania,Africa,Lower-middle-income countries,2015,387669540,5.504
MRT-2016,MRT,Mauritania,Africa,Lower-middle-income countries,2016,363436060,4.891
MRT-2017,MRT,Mauritania,Africa,Lower-middle-income countries,2017,338867500,4.352
MRT-2018,MRT,Mauritania,Africa,Lower-middle-income countries,2018,499971040,6.031
MRT-2019,MRT,Mauritania,Africa,Lower-middle-income countries,2019,453586600,5.095
MRT-2020,MRT,Mauritania,Africa,Lower-middle-income countries,2020,714729000,7.93
MRT-2021,MRT,Mauritania,Africa,Lower-middle-income countries,2021,474126800,4.99
MRT-2022,MRT,Mauritania,Africa,Lower-middle-income countries,2022,355654300,3.45
MRT-2023,MRT,Mauritania,Africa,Lower-middle-income countries,2023,431609470,3.961
MUS-2004,MUS,Mauritius,Africa,Upper-middle-income countries,2004,40761330,0.493
MUS-2005,MUS,Mauritius,Africa,Upper-middle-income countries,2005,35613252,0.524
MUS-2006,MUS,Mauritius,Africa,Upper-middle-income countries,2006,21612524,0.271
MUS-2007,MUS,Mauritius,Africa,Upper-middle-income countries,2007,71964460,0.829
MUS-2008,MUS,Mauritius,Africa,Upper-middle-income countries,2008,109775336,1.073
MUS-2009,MUS,Mauritius,Africa,Upper-middle-income countries,2009,164092510,1.717
MUS-2010,MUS,Mauritius,Africa,Upper-middle-income countries,2010,135273340,1.259
MUS-2011,MUS,Mauritius,Africa,Upper-middle-income countries,2011,186021140,1.643
MUS-2012,MUS,Mauritius,Africa,Upper-middle-income countries,2012,187241010,1.462
MUS-2013,MUS,Mauritius,Africa,Upper-middle-income countries,2013,149150780,1.153
MUS-2014,MUS,Mauritius,Africa,Upper-middle-income countries,2014,41305064,0.331
MUS-2015,MUS,Mauritius,Africa,Upper-middle-income countries,2015,93580140,0.632
MUS-2016,MUS,Mauritius,Africa,Upper-middle-income countries,2016,50665356,0.326
MUS-2017,MUS,Mauritius,Africa,Upper-middle-income countries,2017,16921026,0.103
MUS-2018,MUS,Mauritius,Africa,Upper-middle-income countries,2018,74223230,0.442
MUS-2019,MUS,Mauritius,Africa,High-income countries,2019,27069078,0.152
MUS-2020,MUS,Mauritius,Africa,Upper-middle-income countries,2020,354397570,2.75
MUS-2021,MUS,Mauritius,Africa,Upper-middle-income countries,2021,232801550,2.308
MUS-2022,MUS,Mauritius,Africa,Upper-middle-income countries,2022,84135544,0.547
MUS-2023,MUS,Mauritius,Africa,Upper-middle-income countries,2023,97924980,0.619
MYT-2004,MYT,Mayotte,Africa,Upper-middle-income countries,2004,248837630,
MYT-2005,MYT,Mayotte,Africa,Upper-middle-income countries,2005,235592200,
MYT-2006,MYT,Mayotte,Africa,Upper-middle-income countries,2006,383674020,
MYT-2007,MYT,Mayotte,Africa,Upper-middle-income countries,2007,414419260,
MYT-2008,MYT,Mayotte,Africa,Upper-middle-income countries,2008,448974600,
MYT-2009,MYT,Mayotte,Africa,Upper-middle-income countries,2009,531689100,
MYT-2010,MYT,Mayotte,Africa,Upper-middle-income countries,2010,613528450,
MEX-2004,MEX,Mexico,North America,Upper-middle-income countries,2004,182818000,0.017
MEX-2005,MEX,Mexico,North America,Upper-middle-income countries,2005,285384400,0.022
MEX-2006,MEX,Mexico,North America,Upper-middle-income countries,2006,335790850,0.024
MEX-2007,MEX,Mexico,North America,Upper-middle-income countries,2007,168780580,0.01
MEX-2008,MEX,Mexico,North America,Upper-middle-income countries,2008,213980430,0.013
MEX-2009,MEX,Mexico,North America,Upper-middle-income countries,2009,262468880,0.02
MEX-2010,MEX,Mexico,North America,Upper-middle-income countries,2010,547794300,0.04
MEX-2011,MEX,Mexico,North America,Upper-middle-income countries,2011,1120646000,0.08
MEX-2012,MEX,Mexico,North America,Upper-middle-income countries,2012,522037950,0.033
MEX-2013,MEX,Mexico,North America,Upper-middle-income countries,2013,654112060,0.044
MEX-2014,MEX,Mexico,North America,Upper-middle-income countries,2014,914796160,0.061
MEX-2015,MEX,Mexico,North America,Upper-middle-income countries,2015,453918620,0.027
MEX-2016,MEX,Mexico,North America,Upper-middle-income countries,2016,996124500,0.075
MEX-2017,MEX,Mexico,North America,Upper-middle-income countries,2017,903592200,0.065
MEX-2018,MEX,Mexico,North America,Upper-middle-income countries,2018,643944700,0.045
MEX-2019,MEX,Mexico,North America,Upper-middle-income countries,2019,621435500,0.042
MEX-2020,MEX,Mexico,North America,Upper-middle-income countries,2020,849156100,0.073
MEX-2021,MEX,Mexico,North America,Upper-middle-income countries,2021,591058900,0.044
MEX-2022,MEX,Mexico,North America,Upper-middle-income countries,2022,531293280,0.035
MEX-2023,MEX,Mexico,North America,Upper-middle-income countries,2023,462674980,0.026
FSM-2004,FSM,Micronesia (country),Oceania,Lower-middle-income countries,2004,130621736,34.561
FSM-2005,FSM,Micronesia (country),Oceania,Lower-middle-income countries,2005,154801630,40.472
FSM-2006,FSM,Micronesia (country),Oceania,Lower-middle-income countries,2006,154759900,40.548
FSM-2007,FSM,Micronesia (country),Oceania,Lower-middle-income countries,2007,155721900,41.838
FSM-2008,FSM,Micronesia (country),Oceania,Lower-middle-income countries,2008,124044020,33.752
FSM-2009,FSM,Micronesia (country),Oceania,Lower-middle-income countries,2009,163297470,40.71
FSM-2010,FSM,Micronesia (country),Oceania,Lower-middle-income countries,2010,76122280,20.705
FSM-2011,FSM,Micronesia (country),Oceania,Lower-middle-income countries,2011,155238750,40.698
FSM-2012,FSM,Micronesia (country),Oceania,Lower-middle-income countries,2012,182942940,41.766
FSM-2013,FSM,Micronesia (country),Oceania,Lower-middle-income countries,2013,174048430,41.752
FSM-2014,FSM,Micronesia (country),Oceania,Lower-middle-income countries,2014,147148480,33.915
FSM-2015,FSM,Micronesia (country),Oceania,Lower-middle-income countries,2015,99241630,21.647
FSM-2016,FSM,Micronesia (country),Oceania,Lower-middle-income countries,2016,60766670,13.376
FSM-2017,FSM,Micronesia (country),Oceania,Lower-middle-income countries,2017,118019840,23.998
FSM-2018,FSM,Micronesia (country),Oceania,Lower-middle-income countries,2018,111828200,24.574
FSM-2019,FSM,Micronesia (country),Oceania,Lower-middle-income countries,2019,105316380,20.937
FSM-2020,FSM,Micronesia (country),Oceania,Lower-middle-income countries,2020,197836400,40.67
FSM-2021,FSM,Micronesia (country),Oceania,Lower-middle-income countries,2021,146466560,30.035
FSM-2022,FSM,Micronesia (country),Oceania,Lower-middle-income countries,2022,159717570,32.817
FSM-2023,FSM,Micronesia (country),Oceania,Lower-middle-income countries,2023,128639896,25.78
MDA-2004,MDA,Moldova,Europe,Low-income countries,2004,164289950,4.059
MDA-2005,MDA,Moldova,Europe,Lower-middle-income countries,2005,221896530,5.003
MDA-2006,MDA,Moldova,Europe,Lower-middle-income countries,2006,279568770,5.901
MDA-2007,MDA,Moldova,Europe,Lower-middle-income countries,2007,305515200,5.618
MDA-2008,MDA,Moldova,Europe,Lower-middle-income countries,2008,321050200,4.484
MDA-2009,MDA,Moldova,Europe,Lower-middle-income countries,2009,273870000,4.277
MDA-2010,MDA,Moldova,Europe,Lower-middle-income countries,2010,456517150,5.444
MDA-2011,MDA,Moldova,Europe,Lower-middle-income countries,2011,482186180,5.134
MDA-2012,MDA,Moldova,Europe,Lower-middle-income countries,2012,522854100,4.995
MDA-2013,MDA,Moldova,Europe,Lower-middle-income countries,2013,390944130,3.356
MDA-2014,MDA,Moldova,Europe,Lower-middle-income countries,2014,585875600,5.065
MDA-2015,MDA,Moldova,Europe,Lower-middle-income countries,2015,380114430,3.79
MDA-2016,MDA,Moldova,Europe,Lower-middle-income countries,2016,328997120,3.11
MDA-2017,MDA,Moldova,Europe,Lower-middle-income countries,2017,295699700,2.415
MDA-2018,MDA,Moldova,Europe,Lower-middle-income countries,2018,307122600,2.203
MDA-2019,MDA,Moldova,Europe,Lower-middle-income countries,2019,409187970,2.77
MDA-2020,MDA,Moldova,Europe,Upper-middle-income countries,2020,601026940,4.406
MDA-2021,MDA,Moldova,Europe,Upper-middle-income countries,2021,644261570,4.279
MDA-2022,MDA,Moldova,Europe,Upper-middle-income countries,2022,978065200,6.077
MDA-2023,MDA,Moldova,Europe,Upper-middle-income countries,2023,1099439900,6.343
MNG-2004,MNG,Mongolia,Asia,Low-income countries,2004,259355340,11.08
MNG-2005,MNG,Mongolia,Asia,Low-income countries,2005,225710030,7.896
MNG-2006,MNG,Mongolia,Asia,Low-income countries,2006,209527500,5.411
MNG-2007,MNG,Mongolia,Asia,Lower-middle-income countries,2007,227453280,5.127
MNG-2008,MNG,Mongolia,Asia,Lower-middle-income countries,2008,241390850,4.232
MNG-2009,MNG,Mongolia,Asia,Lower-middle-income countries,2009,326137250,6.991
MNG-2010,MNG,Mongolia,Asia,Lower-middle-income countries,2010,271652960,3.87
MNG-2011,MNG,Mongolia,Asia,Lower-middle-income countries,2011,332677500,3.533
MNG-2012,MNG,Mongolia,Asia,Lower-middle-income countries,2012,455839500,3.937
MNG-2013,MNG,Mongolia,Asia,Lower-middle-income countries,2013,423215740,3.626
MNG-2014,MNG,Mongolia,Asia,Upper-middle-income countries,2014,305171840,2.821
MNG-2015,MNG,Mongolia,Asia,Lower-middle-income countries,2015,251970190,2.219
MNG-2016,MNG,Mongolia,Asia,Lower-middle-income countries,2016,311818850,3.174
MNG-2017,MNG,Mongolia,Asia,Lower-middle-income countries,2017,712489400,7.755
MNG-2018,MNG,Mongolia,Asia,Lower-middle-income countries,2018,342188860,2.793
MNG-2019,MNG,Mongolia,Asia,Lower-middle-income countries,2019,322586800,2.463
MNG-2020,MNG,Mongolia,Asia,Lower-middle-income countries,2020,690747140,5.836
MNG-2021,MNG,Mongolia,Asia,Lower-middle-income countries,2021,293356200,2.171
MNG-2022,MNG,Mongolia,Asia,Lower-middle-income countries,2022,305922600,1.842
MNG-2023,MNG,Mongolia,Asia,Upper-middle-income countries,2023,265229580,1.438
MNE-2004,MNE,Montenegro,Europe,,2004,26236638,0.923
MNE-2005,MNE,Montenegro,Europe,,2005,4887969,0.169
MNE-2006,MNE,Montenegro,Europe,Upper-middle-income countries,2006,122506344,3.455
MNE-2007,MNE,Montenegro,Europe,Upper-middle-income countries,2007,120435070,2.838
MNE-2008,MNE,Montenegro,Europe,Upper-middle-income countries,2008,110899120,2.265
MNE-2009,MNE,Montenegro,Europe,Upper-middle-income countries,2009,83803864,1.836
MNE-2010,MNE,Montenegro,Europe,Upper-middle-income countries,2010,81801070,1.822
MNE-2011,MNE,Montenegro,Europe,Upper-middle-income countries,2011,130405100,2.764
MNE-2012,MNE,Montenegro,Europe,Upper-middle-income countries,2012,113249256,2.48
MNE-2013,MNE,Montenegro,Europe,Upper-middle-income countries,2013,122453816,2.574
MNE-2014,MNE,Montenegro,Europe,Upper-middle-income countries,2014,104550630,2.157
MNE-2015,MNE,Montenegro,Europe,Upper-middle-income countries,2015,121760920,2.412
MNE-2016,MNE,Montenegro,Europe,Upper-middle-income countries,2016,103971160,1.942
MNE-2017,MNE,Montenegro,Europe,Upper-middle-income countries,2017,139363920,2.381
MNE-2018,MNE,Montenegro,Europe,Upper-middle-income countries,2018,174478860,2.804
MNE-2019,MNE,Montenegro,Europe,Upper-middle-income countries,2019,112271336,1.724
MNE-2020,MNE,Montenegro,Europe,Upper-middle-income countries,2020,229932060,4.252
MNE-2021,MNE,Montenegro,Europe,Upper-middle-income countries,2021,142478640,2.242
MNE-2022,MNE,Montenegro,Europe,Upper-middle-income countries,2022,111887110,1.632
MNE-2023,MNE,Montenegro,Europe,Upper-middle-income countries,2023,95062340,1.215
MSR-2004,MSR,Montserrat,North America,,2004,52505228,108.439
MSR-2005,MSR,Montserrat,North America,,2005,32135842,60.435
MSR-2006,MSR,Montserrat,North America,,2006,36309270,64.74
MSR-2007,MSR,Montserrat,North America,,2007,36600850,72.66
MSR-2008,MSR,Montserrat,North America,,2008,36568692,65.547
MSR-2009,MSR,Montserrat,North America,,2009,51885590,78.714
MSR-2010,MSR,Montserrat,North America,,2010,29808282,49.519
MSR-2011,MSR,Montserrat,North America,,2011,52130668,77.733
MSR-2012,MSR,Montserrat,North America,,2012,44954572,66.121
MSR-2013,MSR,Montserrat,North America,,2013,60572180,96.397
MSR-2014,MSR,Montserrat,North America,,2014,41582268,67.898
MSR-2015,MSR,Montserrat,North America,,2015,58269036,84.496
MSR-2016,MSR,Montserrat,North America,,2016,47852480,59.623
MSR-2017,MSR,Montserrat,North America,,2017,46134180,59.449
MSR-2018,MSR,Montserrat,North America,,2018,49753092,60.525
MSR-2019,MSR,Montserrat,North America,,2019,44280076,47.083
MSR-2020,MSR,Montserrat,North America,,2020,57845070,57.895
MSR-2021,MSR,Montserrat,North America,,2021,42953600,46.257
MSR-2022,MSR,Montserrat,North America,,2022,48261004,48.06
MSR-2023,MSR,Montserrat,North America,,2023,11448555,10.973
MAR-2004,MAR,Morocco,Africa,Lower-middle-income countries,2004,949673800,1.191
MAR-2005,MAR,Morocco,Africa,Lower-middle-income countries,2005,931281100,1.068
MAR-2006,MAR,Morocco,Africa,Lower-middle-income countries,2006,1298493200,1.459
MAR-2007,MAR,Morocco,Africa,Lower-middle-income countries,2007,1317600400,1.407
MAR-2008,MAR,Morocco,Africa,Lower-middle-income countries,2008,1482048800,1.43
MAR-2009,MAR,Morocco,Africa,Lower-middle-income countries,2009,1052752200,1.047
MAR-2010,MAR,Morocco,Africa,Lower-middle-income countries,2010,1000984500,0.975
MAR-2011,MAR,Morocco,Africa,Lower-middle-income countries,2011,1483413600,1.329
MAR-2012,MAR,Morocco,Africa,Lower-middle-income countries,2012,1579439500,1.402
MAR-2013,MAR,Morocco,Africa,Lower-middle-income countries,2013,2119321100,1.758
MAR-2014,MAR,Morocco,Africa,Lower-middle-income countries,2014,2330884000,1.919
MAR-2015,MAR,Morocco,Africa,Lower-middle-income countries,2015,1832229900,1.397
MAR-2016,MAR,Morocco,Africa,Lower-middle-income countries,2016,2470885000,1.874
MAR-2017,MAR,Morocco,Africa,Lower-middle-income countries,2017,2831893000,2.08
MAR-2018,MAR,Morocco,Africa,Lower-middle-income countries,2018,915142300,0.652
MAR-2019,MAR,Morocco,Africa,Lower-middle-income countries,2019,886455000,0.593
MAR-2020,MAR,Morocco,Africa,Lower-middle-income countries,2020,2049151900,1.522
MAR-2021,MAR,Morocco,Africa,Lower-middle-income countries,2021,1016191000,0.711
MAR-2022,MAR,Morocco,Africa,Lower-middle-income countries,2022,1561603100,1.098
MAR-2023,MAR,Morocco,Africa,Lower-middle-income countries,2023,792078700,0.542
MOZ-2004,MOZ,Mozambique,Africa,Low-income countries,2004,1630277200,16.022
MOZ-2005,MOZ,Mozambique,Africa,Low-income countries,2005,1634871000,15.159
MOZ-2006,MOZ,Mozambique,Africa,Low-income countries,2006,1973218300,18.501
MOZ-2007,MOZ,Mozambique,Africa,Low-income countries,2007,2000426600,17.466
MOZ-2008,MOZ,Mozambique,Africa,Low-income countries,2008,2147261700,16.233
MOZ-2009,MOZ,Mozambique,Africa,Low-income countries,2009,2252591400,16.805
MOZ-2010,MOZ,Mozambique,Africa,Low-income countries,2010,1991598300,16.052
MOZ-2011,MOZ,Mozambique,Africa,Low-income countries,2011,2227384600,14.379
MOZ-2012,MOZ,Mozambique,Africa,Low-income countries,2012,2275103200,12.47
MOZ-2013,MOZ,Mozambique,Africa,Low-income countries,2013,2513739000,13.494
MOZ-2014,MOZ,Mozambique,Africa,Low-income countries,2014,2255971300,11.847
MOZ-2015,MOZ,Mozambique,Africa,Low-income countries,2015,2155322600,11.435
MOZ-2016,MOZ,Mozambique,Africa,Low-income countries,2016,1822390400,12.961
MOZ-2017,MOZ,Mozambique,Africa,Low-income countries,2017,2097892600,14.017
MOZ-2018,MOZ,Mozambique,Africa,Low-income countries,2018,2049474200,12.379
MOZ-2019,MOZ,Mozambique,Africa,Low-income countries,2019,2103660400,12.093
MOZ-2020,MOZ,Mozambique,Africa,Low-income countries,2020,2865464300,18.336
MOZ-2021,MOZ,Mozambique,Africa,Low-income countries,2021,2409320200,14.444
MOZ-2022,MOZ,Mozambique,Africa,Low-income countries,2022,2746167300,14.744
MOZ-2023,MOZ,Mozambique,Africa,Low-income countries,2023,3006899000,15.394
MMR-2004,MMR,Myanmar,Asia,Low-income countries,2004,149543550,1.169
MMR-2005,MMR,Myanmar,Asia,Low-income countries,2005,171432770,1.209
MMR-2006,MMR,Myanmar,Asia,Low-income countries,2006,166392640,1.005
MMR-2007,MMR,Myanmar,Asia,Low-income countries,2007,212674510,0.971
MMR-2008,MMR,Myanmar,Asia,Low-income countries,2008,573161860,1.678
MMR-2009,MMR,Myanmar,Asia,Low-income countries,2009,383302400,0.965
MMR-2010,MMR,Myanmar,Asia,Low-income countries,2010,372784100,0.716
MMR-2011,MMR,Myanmar,Asia,Low-income countries,2011,370108740,0.634
MMR-2012,MMR,Myanmar,Asia,Low-income countries,2012,486881200,0.877
MMR-2013,MMR,Myanmar,Asia,Low-income countries,2013,3305608200,6.744
MMR-2014,MMR,Myanmar,Asia,Lower-middle-income countries,2014,1411297300,2.214
MMR-2015,MMR,Myanmar,Asia,Lower-middle-income countries,2015,1270097200,2.032
MMR-2016,MMR,Myanmar,Asia,Lower-middle-income countries,2016,1636259100,2.492
MMR-2017,MMR,Myanmar,Asia,Lower-middle-income countries,2017,1671620700,2.411
MMR-2018,MMR,Myanmar,Asia,Lower-middle-income countries,2018,1771063900,2.594
MMR-2019,MMR,Myanmar,Asia,Lower-middle-income countries,2019,2076410400,2.815
MMR-2020,MMR,Myanmar,Asia,Lower-middle-income countries,2020,2817018600,3.704
MMR-2021,MMR,Myanmar,Asia,Lower-middle-income countries,2021,1470882400,2.309
MMR-2022,MMR,Myanmar,Asia,Lower-middle-income countries,2022,1018153700,1.637
MMR-2023,MMR,Myanmar,Asia,Lower-middle-income countries,2023,1137421400,1.738
NAM-2004,NAM,Namibia,Africa,Lower-middle-income countries,2004,238920240,2.621
NAM-2005,NAM,Namibia,Africa,Lower-middle-income countries,2005,153049810,1.59
NAM-2006,NAM,Namibia,Africa,Lower-middle-income countries,2006,197545740,1.883
NAM-2007,NAM,Namibia,Africa,Lower-middle-income countries,2007,264847440,2.578
NAM-2008,NAM,Namibia,Africa,Upper-middle-income countries,2008,238461220,2.459
NAM-2009,NAM,Namibia,Africa,Upper-middle-income countries,2009,371693820,3.824
NAM-2010,NAM,Namibia,Africa,Upper-middle-income countries,2010,302826850,2.362
NAM-2011,NAM,Namibia,Africa,Upper-middle-income countries,2011,318067680,2.316
NAM-2012,NAM,Namibia,Africa,Upper-middle-income countries,2012,315105700,2.016
NAM-2013,NAM,Namibia,Africa,Upper-middle-income countries,2013,319622370,2.173
NAM-2014,NAM,Namibia,Africa,Upper-middle-income countries,2014,276275970,1.83
NAM-2015,NAM,Namibia,Africa,Upper-middle-income countries,2015,180962290,1.258
NAM-2016,NAM,Namibia,Africa,Upper-middle-income countries,2016,215393890,1.619
NAM-2017,NAM,Namibia,Africa,Upper-middle-income countries,2017,229688350,1.504
NAM-2018,NAM,Namibia,Africa,Upper-middle-income countries,2018,189073950,1.21
NAM-2019,NAM,Namibia,Africa,Upper-middle-income countries,2019,172455540,1.184
NAM-2020,NAM,Namibia,Africa,Upper-middle-income countries,2020,210906580,1.722
NAM-2021,NAM,Namibia,Africa,Upper-middle-income countries,2021,200154020,1.539
NAM-2022,NAM,Namibia,Africa,Upper-middle-income countries,2022,353711400,2.719
NAM-2023,NAM,Namibia,Africa,Upper-middle-income countries,2023,278892960,2.299
NRU-2004,NRU,Nauru,Oceania,,2004,22361894,37.172
NRU-2005,NRU,Nauru,Oceania,,2005,12958278,25.666
NRU-2006,NRU,Nauru,Oceania,,2006,25310842,50.056
NRU-2007,NRU,Nauru,Oceania,,2007,31528822,91.45
NRU-2008,NRU,Nauru,Oceania,,2008,36466680,74.381
NRU-2009,NRU,Nauru,Oceania,,2009,28224168,45.058
NRU-2010,NRU,Nauru,Oceania,,2010,28218018,48.737
NRU-2011,NRU,Nauru,Oceania,,2011,32501106,46.333
NRU-2012,NRU,Nauru,Oceania,,2012,31340172,29.437
NRU-2013,NRU,Nauru,Oceania,,2013,26856208,24.164
NRU-2014,NRU,Nauru,Oceania,,2014,22208224,18.614
NRU-2015,NRU,Nauru,Oceania,High-income countries,2015,36306040,26.937
NRU-2016,NRU,Nauru,Oceania,Upper-middle-income countries,2016,26063062,17.053
NRU-2017,NRU,Nauru,Oceania,Upper-middle-income countries,2017,28709792,16.946
NRU-2018,NRU,Nauru,Oceania,Upper-middle-income countries,2018,41932824,21.325
NRU-2019,NRU,Nauru,Oceania,High-income countries,2019,59453240,30.695
NRU-2020,NRU,Nauru,Oceania,High-income countries,2020,31304930,15.109
NRU-2021,NRU,Nauru,Oceania,High-income countries,2021,34106760,12.789
NRU-2022,NRU,Nauru,Oceania,High-income countries,2022,36528650,14.198
NRU-2023,NRU,Nauru,Oceania,High-income countries,2023,37639616,14.454
NPL-2004,NPL,Nepal,Asia,Low-income countries,2004,538654100,5.926
NPL-2005,NPL,Nepal,Asia,Low-income countries,2005,498386270,4.995
NPL-2006,NPL,Nepal,Asia,Low-income countries,2006,547395900,4.966
NPL-2007,NPL,Nepal,Asia,Low-income countries,2007,621914560,5.34
NPL-2008,NPL,Nepal,Asia,Low-income countries,2008,667316600,4.852
NPL-2009,NPL,Nepal,Asia,Low-income countries,2009,790410400,5.45
NPL-2010,NPL,Nepal,Asia,Low-income countries,2010,681647600,3.946
NPL-2011,NPL,Nepal,Asia,Low-income countries,2011,763758000,3.457
NPL-2012,NPL,Nepal,Asia,Low-income countries,2012,811542900,3.522
NPL-2013,NPL,Nepal,Asia,Low-income countries,2013,926119600,3.914
NPL-2014,NPL,Nepal,Asia,Low-income countries,2014,922103900,3.832
NPL-2015,NPL,Nepal,Asia,Low-income countries,2015,1439517800,4.956
NPL-2016,NPL,Nepal,Asia,Low-income countries,2016,1265455500,4.285
NPL-2017,NPL,Nepal,Asia,Low-income countries,2017,1477553300,4.339
NPL-2018,NPL,Nepal,Asia,Low-income countries,2018,1622317800,4.358
NPL-2019,NPL,Nepal,Asia,Lower-middle-income countries,2019,1499849700,3.861
NPL-2020,NPL,Nepal,Asia,Lower-middle-income countries,2020,1945764100,5.203
NPL-2021,NPL,Nepal,Asia,Lower-middle-income countries,2021,1659580800,4.31
NPL-2022,NPL,Nepal,Asia,Lower-middle-income countries,2022,1263589900,2.894
NPL-2023,NPL,Nepal,Asia,Lower-middle-income countries,2023,1240002400,2.924
NIC-2004,NIC,Nicaragua,North America,Low-income countries,2004,1432092700,19.727
NIC-2005,NIC,Nicaragua,North America,Lower-middle-income countries,2005,831168700,10.636
NIC-2006,NIC,Nicaragua,North America,Lower-middle-income countries,2006,764886140,9.527
NIC-2007,NIC,Nicaragua,North America,Lower-middle-income countries,2007,825636540,10.097
NIC-2008,NIC,Nicaragua,North America,Lower-middle-income countries,2008,709964740,8
NIC-2009,NIC,Nicaragua,North America,Lower-middle-income countries,2009,733457150,8.218
NIC-2010,NIC,Nicaragua,North America,Lower-middle-income countries,2010,496197300,5.395
NIC-2011,NIC,Nicaragua,North America,Lower-middle-income countries,2011,545538370,5.645
NIC-2012,NIC,Nicaragua,North America,Lower-middle-income countries,2012,563803400,5.262
NIC-2013,NIC,Nicaragua,North America,Lower-middle-income countries,2013,515860830,4.745
NIC-2014,NIC,Nicaragua,North America,Lower-middle-income countries,2014,453290400,3.78
NIC-2015,NIC,Nicaragua,North America,Lower-middle-income countries,2015,542899200,3.733
NIC-2016,NIC,Nicaragua,North America,Lower-middle-income countries,2016,508135520,3.406
NIC-2017,NIC,Nicaragua,North America,Lower-middle-income countries,2017,649425900,4.303
NIC-2018,NIC,Nicaragua,North America,Lower-middle-income countries,2018,389186100,2.86
NIC-2019,NIC,Nicaragua,North America,Lower-middle-income countries,2019,434826180,3.173
NIC-2020,NIC,Nicaragua,North America,Lower-middle-income countries,2020,511427260,3.865
NIC-2021,NIC,Nicaragua,North America,Lower-middle-income countries,2021,785026240,5.604
NIC-2022,NIC,Nicaragua,North America,Lower-middle-income countries,2022,1212520400,7.806
NIC-2023,NIC,Nicaragua,North America,Lower-middle-income countries,2023,595710700,3.422
NER-2004,NER,Niger,Africa,Low-income countries,2004,695924740,13.745
NER-2005,NER,Niger,Africa,Low-income countries,2005,658970700,11.23
NER-2006,NER,Niger,Africa,Low-income countries,2006,666740500,10.727
NER-2007,NER,Niger,Africa,Low-income countries,2007,651455360,9.485
NER-2008,NER,Niger,Africa,Low-income countries,2008,656279900,7.999
NER-2009,NER,Niger,Africa,Low-income countries,2009,508905470,6.068
NER-2010,NER,Niger,Africa,Low-income countries,2010,744612900,8.02
NER-2011,NER,Niger,Africa,Low-income countries,2011,687287400,6.912
NER-2012,NER,Niger,Africa,Low-income countries,2012,974904500,9.143
NER-2013,NER,Niger,Africa,Low-income countries,2013,843968000,7.503
NER-2014,NER,Niger,Africa,Low-income countries,2014,973400200,8.085
NER-2015,NER,Niger,Africa,Low-income countries,2015,1044426400,8.557
NER-2016,NER,Niger,Africa,Low-income countries,2016,1150331900,8.873
NER-2017,NER,Niger,Africa,Low-income countries,2017,1437230800,10.558
NER-2018,NER,Niger,Africa,Low-income countries,2018,1482894600,9.761
NER-2019,NER,Niger,Africa,Low-income countries,2019,1664961200,10.689
NER-2020,NER,Niger,Africa,Low-income countries,2020,2163407000,14.677
NER-2021,NER,Niger,Africa,Low-income countries,2021,1908404700,11.916
NER-2022,NER,Niger,Africa,Low-income countries,2022,2217517600,14.549
NER-2023,NER,Niger,Africa,Low-income countries,2023,1310494500,7.755
NGA-2004,NGA,Nigeria,Africa,Low-income countries,2004,768295400,0.441
NGA-2005,NGA,Nigeria,Africa,Low-income countries,2005,7743843000,3.783
NGA-2006,NGA,Nigeria,Africa,Low-income countries,2006,13048411000,4.923
NGA-2007,NGA,Nigeria,Africa,Low-income countries,2007,2263274800,0.765
NGA-2008,NGA,Nigeria,Africa,Lower-middle-income countries,2008,1498028500,0.399
NGA-2009,NGA,Nigeria,Africa,Lower-middle-income countries,2009,1940179500,0.585
NGA-2010,NGA,Nigeria,Africa,Lower-middle-income countries,2010,1324509200,0.308
NGA-2011,NGA,Nigeria,Africa,Lower-middle-income countries,2011,2034346000,0.462
NGA-2012,NGA,Nigeria,Africa,Lower-middle-income countries,2012,2168120800,0.434
NGA-2013,NGA,Nigeria,Africa,Lower-middle-income countries,2013,2822073600,0.509
NGA-2014,NGA,Nigeria,Africa,Lower-middle-income countries,2014,2727149300,0.447
NGA-2015,NGA,Nigeria,Africa,Lower-middle-income countries,2015,2881293300,0.506
NGA-2016,NGA,Nigeria,Africa,Lower-middle-income countries,2016,3047590700,0.627
NGA-2017,NGA,Nigeria,Africa,Lower-middle-income countries,2017,4038334500,0.914
NGA-2018,NGA,Nigeria,Africa,Lower-middle-income countries,2018,3824913400,0.805
NGA-2019,NGA,Nigeria,Africa,Lower-middle-income countries,2019,3819515100,0.704
NGA-2020,NGA,Nigeria,Africa,Lower-middle-income countries,2020,3838389000,0.79
NGA-2021,NGA,Nigeria,Africa,Lower-middle-income countries,2021,3769370400,0.817
NGA-2022,NGA,Nigeria,Africa,Lower-middle-income countries,2022,4741505500,0.949
NGA-2023,NGA,Nigeria,Africa,Lower-middle-income countries,2023,3688104700,1.019
NIU-2004,NIU,Niue,Oceania,,2004,22329814,
NIU-2005,NIU,Niue,Oceania,,2005,30320500,
NIU-2006,NIU,Niue,Oceania,,2006,13457176,
NIU-2007,NIU,Niue,Oceania,,2007,18762810,
NIU-2008,NIU,Niue,Oceania,,2008,23062072,
NIU-2009,NIU,Niue,Oceania,,2009,10084793,
NIU-2010,NIU,Niue,Oceania,,2010,17983998,
NIU-2011,NIU,Niue,Oceania,,2011,21689192,
NIU-2012,NIU,Niue,Oceania,,2012,20005864,
NIU-2013,NIU,Niue,Oceania,,2013,18017148,
NIU-2014,NIU,Niue,Oceania,,2014,13340654,
NIU-2015,NIU,Niue,Oceania,,2015,22629364,
NIU-2016,NIU,Niue,Oceania,,2016,15653775,
NIU-2017,NIU,Niue,Oceania,,2017,16034084,
NIU-2018,NIU,Niue,Oceania,,2018,20376582,
NIU-2019,NIU,Niue,Oceania,,2019,21084144,
NIU-2020,NIU,Niue,Oceania,,2020,24781198,
NIU-2021,NIU,Niue,Oceania,,2021,27567544,
NIU-2022,NIU,Niue,Oceania,,2022,25385590,
NIU-2023,NIU,Niue,Oceania,,2023,28606670,
PRK-2004,PRK,North Korea,Asia,Low-income countries,2004,227999520,1.443
PRK-2005,PRK,North Korea,Asia,Low-income countries,2005,114839930,0.673
PRK-2006,PRK,North Korea,Asia,Low-income countries,2006,69411150,0.402
PRK-2007,PRK,North Korea,Asia,Low-income countries,2007,122926600,0.694
PRK-2008,PRK,North Korea,Asia,Low-income countries,2008,270430460,1.547
PRK-2009,PRK,North Korea,Asia,Low-income countries,2009,76902950,0.542
PRK-2010,PRK,North Korea,Asia,Low-income countries,2010,83049370,0.528
PRK-2011,PRK,North Korea,Asia,Low-income countries,2011,116324930,0.754
PRK-2012,PRK,North Korea,Asia,Low-income countries,2012,98927750,0.613
PRK-2013,PRK,North Korea,Asia,Low-income countries,2013,104310536,0.657
PRK-2014,PRK,North Korea,Asia,Low-income countries,2014,144554660,0.879
PRK-2015,PRK,North Korea,Asia,Low-income countries,2015,152457340,0.802
PRK-2016,PRK,North Korea,Asia,Low-income countries,2016,140886450,0.711
PRK-2017,PRK,North Korea,Asia,Low-income countries,2017,144372620,0.765
PRK-2018,PRK,North Korea,Asia,Low-income countries,2018,129197800,0.688
PRK-2019,PRK,North Korea,Asia,Low-income countries,2019,144289090,0.817
PRK-2020,PRK,North Korea,Asia,Low-income countries,2020,137786600,0.785
PRK-2021,PRK,North Korea,Asia,Low-income countries,2021,22047000,0.124
PRK-2022,PRK,North Korea,Asia,Low-income countries,2022,14638678,0.088
PRK-2023,PRK,North Korea,Asia,Low-income countries,2023,14791743,0.086
MKD-2004,MKD,North Macedonia,Europe,Lower-middle-income countries,2004,358148300,4.675
MKD-2005,MKD,North Macedonia,Europe,Lower-middle-income countries,2005,295503940,3.698
MKD-2006,MKD,North Macedonia,Europe,Lower-middle-income countries,2006,251277840,2.939
MKD-2007,MKD,North Macedonia,Europe,Lower-middle-income countries,2007,225709010,2.54
MKD-2008,MKD,North Macedonia,Europe,Upper-middle-income countries,2008,214873540,2.072
MKD-2009,MKD,North Macedonia,Europe,Upper-middle-income countries,2009,208714780,2.081
MKD-2010,MKD,North Macedonia,Europe,Upper-middle-income countries,2010,200209600,2.092
MKD-2011,MKD,North Macedonia,Europe,Upper-middle-income countries,2011,200877970,1.866
MKD-2012,MKD,North Macedonia,Europe,Upper-middle-income countries,2012,162427220,1.549
MKD-2013,MKD,North Macedonia,Europe,Upper-middle-income countries,2013,212667550,1.863
MKD-2014,MKD,North Macedonia,Europe,Upper-middle-income countries,2014,226517280,1.901
MKD-2015,MKD,North Macedonia,Europe,Upper-middle-income countries,2015,258823970,2.199
MKD-2016,MKD,North Macedonia,Europe,Upper-middle-income countries,2016,205311710,1.643
MKD-2017,MKD,North Macedonia,Europe,Upper-middle-income countries,2017,181196780,1.381
MKD-2018,MKD,North Macedonia,Europe,Upper-middle-income countries,2018,197256060,1.402
MKD-2019,MKD,North Macedonia,Europe,Upper-middle-income countries,2019,167398850,1.169
MKD-2020,MKD,North Macedonia,Europe,Upper-middle-income countries,2020,321969950,2.388
MKD-2021,MKD,North Macedonia,Europe,Upper-middle-income countries,2021,361035650,2.534
MKD-2022,MKD,North Macedonia,Europe,Upper-middle-income countries,2022,249077070,1.688
MKD-2023,MKD,North Macedonia,Europe,Upper-middle-income countries,2023,427100320,2.77
OMN-2004,OMN,Oman,Asia,Upper-middle-income countries,2004,126434610,0.358
OMN-2005,OMN,Oman,Asia,Upper-middle-income countries,2005,21803952,0.055
OMN-2006,OMN,Oman,Asia,Upper-middle-income countries,2006,61140736,0.129
OMN-2007,OMN,Oman,Asia,High-income countries,2007,246532780,0.451
OMN-2008,OMN,Oman,Asia,High-income countries,2008,81703650,0.111
OMN-2009,OMN,Oman,Asia,High-income countries,2009,164562720,0.275
OMN-2010,OMN,Oman,Asia,High-income countries,2010,8078202,0.012
PAK-2004,PAK,Pakistan,Asia,Low-income countries,2004,1672252500,1.021
PAK-2005,PAK,Pakistan,Asia,Low-income countries,2005,1901306100,1.034
PAK-2006,PAK,Pakistan,Asia,Low-income countries,2006,2536843500,1.294
PAK-2007,PAK,Pakistan,Asia,Low-income countries,2007,2357694500,1.11
PAK-2008,PAK,Pakistan,Asia,Lower-middle-income countries,2008,1218634800,0.535
PAK-2009,PAK,Pakistan,Asia,Lower-middle-income countries,2009,2973304300,1.385
PAK-2010,PAK,Pakistan,Asia,Lower-middle-income countries,2010,3149976600,1.374
PAK-2011,PAK,Pakistan,Asia,Lower-middle-income countries,2011,4010924500,1.632
PAK-2012,PAK,Pakistan,Asia,Lower-middle-income countries,2012,2207027500,0.817
PAK-2013,PAK,Pakistan,Asia,Lower-middle-income countries,2013,2422033000,0.861
PAK-2014,PAK,Pakistan,Asia,Lower-middle-income countries,2014,3915845600,1.352
PAK-2015,PAK,Pakistan,Asia,Lower-middle-income countries,2015,4475681000,1.274
PAK-2016,PAK,Pakistan,Asia,Lower-middle-income countries,2016,3547851000,0.961
PAK-2017,PAK,Pakistan,Asia,Lower-middle-income countries,2017,2891451100,0.707
PAK-2018,PAK,Pakistan,Asia,Lower-middle-income countries,2018,1685477600,0.395
PAK-2019,PAK,Pakistan,Asia,Lower-middle-income countries,2019,2387947800,0.638
PAK-2020,PAK,Pakistan,Asia,Lower-middle-income countries,2020,2913874700,0.879
PAK-2021,PAK,Pakistan,Asia,Lower-middle-income countries,2021,3061536300,0.85
PAK-2022,PAK,Pakistan,Asia,Lower-middle-income countries,2022,1889720800,0.469
PAK-2023,PAK,Pakistan,Asia,Lower-middle-income countries,2023,4072646100,1.193
PLW-2004,PLW,Palau,Oceania,Upper-middle-income countries,2004,27553722,12.438
PLW-2005,PLW,Palau,Oceania,Upper-middle-income countries,2005,29072000,13.004
PLW-2006,PLW,Palau,Oceania,Upper-middle-income countries,2006,49280636,20.209
PLW-2007,PLW,Palau,Oceania,Upper-middle-income countries,2007,27917222,11.793
PLW-2008,PLW,Palau,Oceania,Upper-middle-income countries,2008,50614964,22.026
PLW-2009,PLW,Palau,Oceania,Upper-middle-income countries,2009,44426028,18.574
PLW-2010,PLW,Palau,Oceania,Upper-middle-income countries,2010,31969010,15.285
PLW-2011,PLW,Palau,Oceania,Upper-middle-income countries,2011,29629994,12.508
PLW-2012,PLW,Palau,Oceania,Upper-middle-income countries,2012,11791281,7.432
PLW-2013,PLW,Palau,Oceania,Upper-middle-income countries,2013,35267130,16.098
PLW-2014,PLW,Palau,Oceania,Upper-middle-income countries,2014,25698454,10.032
PLW-2015,PLW,Palau,Oceania,Upper-middle-income countries,2015,15702751,5.239
PLW-2016,PLW,Palau,Oceania,High-income countries,2016,16992126,6.289
PLW-2017,PLW,Palau,Oceania,High-income countries,2017,21392040,7.909
PLW-2018,PLW,Palau,Oceania,High-income countries,2018,96801370,30.086
PLW-2019,PLW,Palau,Oceania,High-income countries,2019,21923020,8.911
PLW-2020,PLW,Palau,Oceania,High-income countries,2020,62213624,24.996
PLW-2021,PLW,Palau,Oceania,Upper-middle-income countries,2021,48106570,20.18
PLW-2022,PLW,Palau,Oceania,Upper-middle-income countries,2022,55607440,21.496
PLW-2023,PLW,Palau,Oceania,High-income countries,2023,28810876,10.862
PSE-2004,PSE,Palestine,Asia,Lower-middle-income countries,2004,1579798500,24.029
PSE-2005,PSE,Palestine,Asia,Lower-middle-income countries,2005,1323075300,18.552
PSE-2006,PSE,Palestine,Asia,Lower-middle-income countries,2006,1670332500,23.57
PSE-2007,PSE,Palestine,Asia,Lower-middle-income countries,2007,1941951900,26.965
PSE-2008,PSE,Palestine,Asia,Lower-middle-income countries,2008,2721823700,30.946
PSE-2009,PSE,Palestine,Asia,Lower-middle-income countries,2009,3300303600,32.811
PSE-2010,PSE,Palestine,Asia,Lower-middle-income countries,2010,2802373000,23.526
PSE-2011,PSE,Palestine,Asia,Lower-middle-income countries,2011,2664951300,20.398
PSE-2012,PSE,Palestine,Asia,Lower-middle-income countries,2012,2164514600,15.354
PSE-2013,PSE,Palestine,Asia,Lower-middle-income countries,2013,2938538500,17.732
PSE-2014,PSE,Palestine,Asia,Lower-middle-income countries,2014,2692225000,16.08
PSE-2015,PSE,Palestine,Asia,Lower-middle-income countries,2015,2231694600,11.936
PSE-2016,PSE,Palestine,Asia,Lower-middle-income countries,2016,2919075000,13.915
PSE-2017,PSE,Palestine,Asia,Lower-middle-income countries,2017,2530886400,11.761
PSE-2018,PSE,Palestine,Asia,Lower-middle-income countries,2018,2589796000,12.05
PSE-2019,PSE,Palestine,Asia,Lower-middle-income countries,2019,2637088000,11.608
PSE-2020,PSE,Palestine,Asia,Lower-middle-income countries,2020,2266072800,11.294
PSE-2021,PSE,Palestine,Asia,Lower-middle-income countries,2021,2241236200,9.949
PSE-2022,PSE,Palestine,Asia,Upper-middle-income countries,2022,2410831400,9.447
PSE-2023,PSE,Palestine,Asia,Lower-middle-income countries,2023,3711343600,16.837
PAN-2004,PAN,Panama,North America,Upper-middle-income countries,2004,39279380,0.22
PAN-2005,PAN,Panama,North America,Upper-middle-income countries,2005,36707984,0.184
PAN-2006,PAN,Panama,North America,Upper-middle-income countries,2006,52617764,0.224
PAN-2007,PAN,Panama,North America,Upper-middle-income countries,2007,-120289720,-0.624
PAN-2008,PAN,Panama,North America,Upper-middle-income countries,2008,40424452,0.146
PAN-2009,PAN,Panama,North America,Upper-middle-income countries,2009,63384050,0.253
PAN-2010,PAN,Panama,North America,Upper-middle-income countries,2010,94678440,0.454
PAN-2011,PAN,Panama,North America,Upper-middle-income countries,2011,89644110,0.328
PAN-2012,PAN,Panama,North America,Upper-middle-income countries,2012,53026640,0.132
PAN-2013,PAN,Panama,North America,Upper-middle-income countries,2013,11911229,0.021
PAN-2014,PAN,Panama,North America,Upper-middle-income countries,2014,-196830660,-0.411
PAN-2015,PAN,Panama,North America,Upper-middle-income countries,2015,16331518,0.02
PAN-2016,PAN,Panama,North America,Upper-middle-income countries,2016,32045444,0.041
PAN-2017,PAN,Panama,North America,High-income countries,2017,52986750,0.069
PAN-2018,PAN,Panama,North America,High-income countries,2018,45913452,0.063
PAN-2019,PAN,Panama,North America,High-income countries,2019,84096920,0.109
PAN-2020,PAN,Panama,North America,Upper-middle-income countries,2020,158921810,0.264
PAN-2021,PAN,Panama,North America,High-income countries,2021,108975270,0.185
PAN-2022,PAN,Panama,North America,High-income countries,2022,126943380,0.181
PAN-2023,PAN,Panama,North America,High-income countries,2023,406911420,0.517
PNG-2004,PNG,Papua New Guinea,Oceania,Low-income countries,2004,430899260,7.366
PNG-2005,PNG,Papua New Guinea,Oceania,Low-income countries,2005,403984130,5.927
PNG-2006,PNG,Papua New Guinea,Oceania,Low-income countries,2006,401372580,3.634
PNG-2007,PNG,Papua New Guinea,Oceania,Low-income countries,2007,413121440,3.724
PNG-2008,PNG,Papua New Guinea,Oceania,Lower-middle-income countries,2008,401935070,2.779
PNG-2009,PNG,Papua New Guinea,Oceania,Lower-middle-income countries,2009,503953200,3.766
PNG-2010,PNG,Papua New Guinea,Oceania,Lower-middle-income countries,2010,522052260,3.852
PNG-2011,PNG,Papua New Guinea,Oceania,Lower-middle-income countries,2011,550839040,3.788
PNG-2012,PNG,Papua New Guinea,Oceania,Lower-middle-income countries,2012,621695500,3.319
PNG-2013,PNG,Papua New Guinea,Oceania,Lower-middle-income countries,2013,636714200,3.364
PNG-2014,PNG,Papua New Guinea,Oceania,Lower-middle-income countries,2014,583338430,2.551
PNG-2015,PNG,Papua New Guinea,Oceania,Lower-middle-income countries,2015,703139300,2.913
PNG-2016,PNG,Papua New Guinea,Oceania,Lower-middle-income countries,2016,616741000,2.683
PNG-2017,PNG,Papua New Guinea,Oceania,Lower-middle-income countries,2017,595120960,2.459
PNG-2018,PNG,Papua New Guinea,Oceania,Lower-middle-income countries,2018,872901800,3.47
PNG-2019,PNG,Papua New Guinea,Oceania,Lower-middle-income countries,2019,734835460,2.827
PNG-2020,PNG,Papua New Guinea,Oceania,Lower-middle-income countries,2020,1153959700,4.577
PNG-2021,PNG,Papua New Guinea,Oceania,Lower-middle-income countries,2021,1128575000,4.84
PNG-2022,PNG,Papua New Guinea,Oceania,Lower-middle-income countries,2022,679469500,2.241
PNG-2023,PNG,Papua New Guinea,Oceania,Lower-middle-income countries,2023,729527940,2.514
PRY-2004,PRY,Paraguay,South America,Lower-middle-income countries,2004,51262856,0.414
PRY-2005,PRY,Paraguay,South America,Lower-middle-income countries,2005,68906776,0.679
PRY-2006,PRY,Paraguay,South America,Lower-middle-income countries,2006,77664610,0.57
PRY-2007,PRY,Paraguay,South America,Lower-middle-income countries,2007,132118810,0.716
PRY-2008,PRY,Paraguay,South America,Lower-middle-income countries,2008,144723550,0.592
PRY-2009,PRY,Paraguay,South America,Lower-middle-income countries,2009,164229180,0.764
PRY-2010,PRY,Paraguay,South America,Lower-middle-income countries,2010,132093180,0.437
PRY-2011,PRY,Paraguay,South America,Lower-middle-income countries,2011,102108856,0.248
PRY-2012,PRY,Paraguay,South America,Lower-middle-income countries,2012,129105880,0.329
PRY-2013,PRY,Paraguay,South America,Lower-middle-income countries,2013,144774160,0.354
PRY-2014,PRY,Paraguay,South America,Upper-middle-income countries,2014,72754580,0.161
PRY-2015,PRY,Paraguay,South America,Upper-middle-income countries,2015,72618330,0.173
PRY-2016,PRY,Paraguay,South America,Upper-middle-income countries,2016,107686490,0.255
PRY-2017,PRY,Paraguay,South America,Upper-middle-income countries,2017,171006220,0.379
PRY-2018,PRY,Paraguay,South America,Upper-middle-income countries,2018,179926290,0.424
PRY-2019,PRY,Paraguay,South America,Upper-middle-income countries,2019,135880270,0.349
PRY-2020,PRY,Paraguay,South America,Upper-middle-income countries,2020,326194750,0.894
PRY-2021,PRY,Paraguay,South America,Upper-middle-income countries,2021,178056340,0.459
PRY-2022,PRY,Paraguay,South America,Upper-middle-income countries,2022,105203290,0.242
PRY-2023,PRY,Paraguay,South America,Upper-middle-income countries,2023,229390880,0.539
PER-2004,PER,Peru,South America,Lower-middle-income countries,2004,629006850,0.756
PER-2005,PER,Peru,South America,Lower-middle-income countries,2005,614269700,0.652
PER-2006,PER,Peru,South America,Lower-middle-income countries,2006,611064400,0.564
PER-2007,PER,Peru,South America,Lower-middle-income countries,2007,383954940,0.341
PER-2008,PER,Peru,South America,Upper-middle-income countries,2008,532983870,0.423
PER-2009,PER,Peru,South America,Upper-middle-income countries,2009,526542240,0.391
PER-2010,PER,Peru,South America,Upper-middle-income countries,2010,10447290,-0.224
PER-2011,PER,Peru,South America,Upper-middle-income countries,2011,614517700,0.371
PER-2012,PER,Peru,South America,Upper-middle-income countries,2012,449375870,0.214
PER-2013,PER,Peru,South America,Upper-middle-income countries,2013,423050780,0.191
PER-2014,PER,Peru,South America,Upper-middle-income countries,2014,380528200,0.171
PER-2015,PER,Peru,South America,Upper-middle-income countries,2015,424701500,0.183
PER-2016,PER,Peru,South America,Upper-middle-income countries,2016,417471140,0.174
PER-2017,PER,Peru,South America,Upper-middle-income countries,2017,178093980,-0.001
PER-2018,PER,Peru,South America,Upper-middle-income countries,2018,510207940,0.213
PER-2019,PER,Peru,South America,Upper-middle-income countries,2019,544027460,0.209
PER-2020,PER,Peru,South America,Upper-middle-income countries,2020,569292100,0.25
PER-2021,PER,Peru,South America,Upper-middle-income countries,2021,339733700,0.146
PER-2022,PER,Peru,South America,Upper-middle-income countries,2022,922001300,0.362
PER-2023,PER,Peru,South America,Upper-middle-income countries,2023,602281500,0.232
PHL-2004,PHL,Philippines,Asia,Lower-middle-income countries,2004,528678340,0.448
PHL-2005,PHL,Philippines,Asia,Lower-middle-income countries,2005,647925800,0.499
PHL-2006,PHL,Philippines,Asia,Lower-middle-income countries,2006,663960200,0.427
PHL-2007,PHL,Philippines,Asia,Lower-middle-income countries,2007,676034240,0.374
PHL-2008,PHL,Philippines,Asia,Lower-middle-income countries,2008,190714830,0.034
PHL-2009,PHL,Philippines,Asia,Lower-middle-income countries,2009,432273380,0.173
PHL-2010,PHL,Philippines,Asia,Lower-middle-income countries,2010,683357500,0.25
PHL-2011,PHL,Philippines,Asia,Lower-middle-income countries,2011,123476090,-0.052
PHL-2012,PHL,Philippines,Asia,Lower-middle-income countries,2012,193347040,-0.001
PHL-2013,PHL,Philippines,Asia,Lower-middle-income countries,2013,339357630,0.061
PHL-2014,PHL,Philippines,Asia,Lower-middle-income countries,2014,765050430,0.204
PHL-2015,PHL,Philippines,Asia,Lower-middle-income countries,2015,608552100,0.151
PHL-2016,PHL,Philippines,Asia,Lower-middle-income countries,2016,434134850,0.08
PHL-2017,PHL,Philippines,Asia,Lower-middle-income countries,2017,241895040,0.044
PHL-2018,PHL,Philippines,Asia,Lower-middle-income countries,2018,585028500,0.143
PHL-2019,PHL,Philippines,Asia,Lower-middle-income countries,2019,834290800,0.214
PHL-2020,PHL,Philippines,Asia,Lower-middle-income countries,2020,1370083800,0.374
PHL-2021,PHL,Philippines,Asia,Lower-middle-income countries,2021,1492403000,0.401
PHL-2022,PHL,Philippines,Asia,Lower-middle-income countries,2022,1566770800,0.377
PHL-2023,PHL,Philippines,Asia,Lower-middle-income countries,2023,1816449800,0.38
RWA-2004,RWA,Rwanda,Africa,Low-income countries,2004,649053200,20.962
RWA-2005,RWA,Rwanda,Africa,Low-income countries,2005,731255740,19.701
RWA-2006,RWA,Rwanda,Africa,Low-income countries,2006,747515650,18.401
RWA-2007,RWA,Rwanda,Africa,Low-income countries,2007,891349950,19.246
RWA-2008,RWA,Rwanda,Africa,Low-income countries,2008,1033882100,18.19
RWA-2009,RWA,Rwanda,Africa,Low-income countries,2009,1076079000,16.571
RWA-2010,RWA,Rwanda,Africa,Low-income countries,2010,1017580800,14.532
RWA-2011,RWA,Rwanda,Africa,Low-income countries,2011,1380241400,18.5
RWA-2012,RWA,Rwanda,Africa,Low-income countries,2012,982456260,11.634
RWA-2013,RWA,Rwanda,Africa,Low-income countries,2013,1182481200,14.13
RWA-2014,RWA,Rwanda,Africa,Low-income countries,2014,1123281000,12.858
RWA-2015,RWA,Rwanda,Africa,Low-income countries,2015,1297692200,12.995
RWA-2016,RWA,Rwanda,Africa,Low-income countries,2016,1389061400,13.604
RWA-2017,RWA,Rwanda,Africa,Low-income countries,2017,1451279400,13.741
RWA-2018,RWA,Rwanda,Africa,Low-income countries,2018,1264496800,12.053
RWA-2019,RWA,Rwanda,Africa,Low-income countries,2019,1328892900,11.69
RWA-2020,RWA,Rwanda,Africa,Low-income countries,2020,1803685000,16.365
RWA-2021,RWA,Rwanda,Africa,Low-income countries,2021,1383643100,12.268
RWA-2022,RWA,Rwanda,Africa,Low-income countries,2022,1152678900,8.25
RWA-2023,RWA,Rwanda,Africa,Low-income countries,2023,1441285100,10.019
SHN-2004,SHN,Saint Helena,Africa,,2004,30516648,
SHN-2005,SHN,Saint Helena,Africa,,2005,25683038,
SHN-2006,SHN,Saint Helena,Africa,,2006,31351024,
SHN-2007,SHN,Saint Helena,Africa,,2007,43766540,
SHN-2008,SHN,Saint Helena,Africa,,2008,69106610,
SHN-2009,SHN,Saint Helena,Africa,,2009,41349856,
SHN-2010,SHN,Saint Helena,Africa,,2010,64062090,
SHN-2011,SHN,Saint Helena,Africa,,2011,93751810,
SHN-2012,SHN,Saint Helena,Africa,,2012,188081660,
SHN-2013,SHN,Saint Helena,Africa,,2013,153506560,
SHN-2014,SHN,Saint Helena,Africa,,2014,136196460,
SHN-2015,SHN,Saint Helena,Africa,,2015,90922930,
SHN-2016,SHN,Saint Helena,Africa,,2016,131432984,
SHN-2017,SHN,Saint Helena,Africa,,2017,83618400,
SHN-2018,SHN,Saint Helena,Africa,,2018,79738820,
SHN-2019,SHN,Saint Helena,Africa,,2019,61673428,
SHN-2020,SHN,Saint Helena,Africa,,2020,80393896,
SHN-2021,SHN,Saint Helena,Africa,,2021,58337716,
SHN-2022,SHN,Saint Helena,Africa,,2022,58893590,
SHN-2023,SHN,Saint Helena,Africa,,2023,18778984,
KNA-2004,KNA,Saint Kitts and Nevis,North America,Upper-middle-income countries,2004,-520110,-0.017
KNA-2005,KNA,Saint Kitts and Nevis,North America,Upper-middle-income countries,2005,2913158,0.509
KNA-2006,KNA,Saint Kitts and Nevis,North America,Upper-middle-income countries,2006,4468504,0.855
KNA-2007,KNA,Saint Kitts and Nevis,North America,Upper-middle-income countries,2007,3414381,0.523
KNA-2008,KNA,Saint Kitts and Nevis,North America,Upper-middle-income countries,2008,46247124,6.294
KNA-2009,KNA,Saint Kitts and Nevis,North America,Upper-middle-income countries,2009,3332607,0.433
KNA-2010,KNA,Saint Kitts and Nevis,North America,Upper-middle-income countries,2010,12925533,1.641
KNA-2011,KNA,Saint Kitts and Nevis,North America,High-income countries,2011,15495563,1.955
KNA-2012,KNA,Saint Kitts and Nevis,North America,High-income countries,2012,23539540,2.714
KNA-2013,KNA,Saint Kitts and Nevis,North America,High-income countries,2013,31756532,3.494
LCA-2004,LCA,Saint Lucia,North America,Upper-middle-income countries,2004,-25011068,-2.171
LCA-2005,LCA,Saint Lucia,North America,Upper-middle-income countries,2005,12804485,1.005
LCA-2006,LCA,Saint Lucia,North America,Upper-middle-income countries,2006,22129746,1.536
LCA-2007,LCA,Saint Lucia,North America,Upper-middle-income countries,2007,21184118,1.533
LCA-2008,LCA,Saint Lucia,North America,Upper-middle-income countries,2008,16957204,1.222
LCA-2009,LCA,Saint Lucia,North America,Upper-middle-income countries,2009,40340630,2.876
LCA-2010,LCA,Saint Lucia,North America,Upper-middle-income countries,2010,34198740,2.223
LCA-2011,LCA,Saint Lucia,North America,Upper-middle-income countries,2011,35627630,2.278
LCA-2012,LCA,Saint Lucia,North America,Upper-middle-income countries,2012,28674222,1.717
LCA-2013,LCA,Saint Lucia,North America,Upper-middle-income countries,2013,26418228,1.623
LCA-2014,LCA,Saint Lucia,North America,Upper-middle-income countries,2014,20135932,1.179
LCA-2015,LCA,Saint Lucia,North America,Upper-middle-income countries,2015,15485045,0.83
LCA-2016,LCA,Saint Lucia,North America,Upper-middle-income countries,2016,16169889,0.866
LCA-2017,LCA,Saint Lucia,North America,Upper-middle-income countries,2017,16603634,0.817
LCA-2018,LCA,Saint Lucia,North America,Upper-middle-income countries,2018,8997249,0.437
LCA-2019,LCA,Saint Lucia,North America,Upper-middle-income countries,2019,35535828,1.63
LCA-2020,LCA,Saint Lucia,North America,Upper-middle-income countries,2020,108593390,6.706
LCA-2021,LCA,Saint Lucia,North America,Upper-middle-income countries,2021,102665300,5.541
LCA-2022,LCA,Saint Lucia,North America,Upper-middle-income countries,2022,34914550,1.56
LCA-2023,LCA,Saint Lucia,North America,Upper-middle-income countries,2023,36471304,1.61
VCT-2004,VCT,Saint Vincent and the Grenadines,North America,Upper-middle-income countries,2004,10299631,2.035
VCT-2005,VCT,Saint Vincent and the Grenadines,North America,Upper-middle-income countries,2005,8459255,1.429
VCT-2006,VCT,Saint Vincent and the Grenadines,North America,Upper-middle-income countries,2006,5239486,0.776
VCT-2007,VCT,Saint Vincent and the Grenadines,North America,Upper-middle-income countries,2007,70244860,9.516
VCT-2008,VCT,Saint Vincent and the Grenadines,North America,Upper-middle-income countries,2008,24385482,3.701
VCT-2009,VCT,Saint Vincent and the Grenadines,North America,Upper-middle-income countries,2009,30057762,4.106
VCT-2010,VCT,Saint Vincent and the Grenadines,North America,Upper-middle-income countries,2010,17650038,2.304
VCT-2011,VCT,Saint Vincent and the Grenadines,North America,Upper-middle-income countries,2011,17899970,2.533
VCT-2012,VCT,Saint Vincent and the Grenadines,North America,Upper-middle-income countries,2012,8728350,1.145
VCT-2013,VCT,Saint Vincent and the Grenadines,North America,Upper-middle-income countries,2013,8930547,1.12
VCT-2014,VCT,Saint Vincent and the Grenadines,North America,Upper-middle-income countries,2014,10410911,1.338
VCT-2015,VCT,Saint Vincent and the Grenadines,North America,Upper-middle-income countries,2015,15269680,1.76
VCT-2016,VCT,Saint Vincent and the Grenadines,North America,Upper-middle-income countries,2016,9640875,1.132
VCT-2017,VCT,Saint Vincent and the Grenadines,North America,Upper-middle-income countries,2017,13057452,1.413
VCT-2018,VCT,Saint Vincent and the Grenadines,North America,Upper-middle-income countries,2018,20335938,2.056
VCT-2019,VCT,Saint Vincent and the Grenadines,North America,Upper-middle-income countries,2019,95283170,9.293
VCT-2020,VCT,Saint Vincent and the Grenadines,North America,Upper-middle-income countries,2020,84428560,8.885
VCT-2021,VCT,Saint Vincent and the Grenadines,North America,Upper-middle-income countries,2021,131086056,14.487
VCT-2022,VCT,Saint Vincent and the Grenadines,North America,Upper-middle-income countries,2022,16411705,1.582
VCT-2023,VCT,Saint Vincent and the Grenadines,North America,Upper-middle-income countries,2023,21484332,1.959
WSM-2004,WSM,Samoa,Oceania,Lower-middle-income countries,2004,43258696,8.017
WSM-2005,WSM,Samoa,Oceania,Lower-middle-income countries,2005,52481056,9.781
WSM-2006,WSM,Samoa,Oceania,Lower-middle-income countries,2006,57779572,10.376
WSM-2007,WSM,Samoa,Oceania,Lower-middle-income countries,2007,44668508,7.281
WSM-2008,WSM,Samoa,Oceania,Lower-middle-income countries,2008,45034024,6.741
WSM-2009,WSM,Samoa,Oceania,Lower-middle-income countries,2009,74568140,11.326
WSM-2010,WSM,Samoa,Oceania,Lower-middle-income countries,2010,98120360,15.342
WSM-2011,WSM,Samoa,Oceania,Lower-middle-income countries,2011,80208270,12.402
WSM-2012,WSM,Samoa,Oceania,Lower-middle-income countries,2012,108218790,15.722
WSM-2013,WSM,Samoa,Oceania,Lower-middle-income countries,2013,112047380,14.677
WSM-2014,WSM,Samoa,Oceania,Lower-middle-income countries,2014,91901090,12.254
WSM-2015,WSM,Samoa,Oceania,Lower-middle-income countries,2015,107809300,11.599
WSM-2016,WSM,Samoa,Oceania,Upper-middle-income countries,2016,98458420,10.744
WSM-2017,WSM,Samoa,Oceania,Upper-middle-income countries,2017,146362100,15.859
WSM-2018,WSM,Samoa,Oceania,Upper-middle-income countries,2018,134585520,15.089
WSM-2019,WSM,Samoa,Oceania,Upper-middle-income countries,2019,130318450,14.239
WSM-2020,WSM,Samoa,Oceania,Lower-middle-income countries,2020,185037840,20.064
WSM-2021,WSM,Samoa,Oceania,Lower-middle-income countries,2021,84741360,10.365
WSM-2022,WSM,Samoa,Oceania,Lower-middle-income countries,2022,134219400,15.759
WSM-2023,WSM,Samoa,Oceania,Lower-middle-income countries,2023,119183320,12.631
STP-2004,STP,Sao Tome and Principe,Africa,Low-income countries,2004,43655236,30.345
STP-2005,STP,Sao Tome and Principe,Africa,Low-income countries,2005,41099252,24.401
STP-2006,STP,Sao Tome and Principe,Africa,Low-income countries,2006,28724974,15.797
STP-2007,STP,Sao Tome and Principe,Africa,Low-income countries,2007,56673200,33.165
STP-2008,STP,Sao Tome and Principe,Africa,Lower-middle-income countries,2008,47779532,25.155
STP-2009,STP,Sao Tome and Principe,Africa,Lower-middle-income countries,2009,32798382,15.232
STP-2010,STP,Sao Tome and Principe,Africa,Lower-middle-income countries,2010,50770740,24.805
STP-2011,STP,Sao Tome and Principe,Africa,Lower-middle-income countries,2011,76302330,32.513
STP-2012,STP,Sao Tome and Principe,Africa,Lower-middle-income countries,2012,54796620,22.237
STP-2013,STP,Sao Tome and Principe,Africa,Lower-middle-income countries,2013,56744160,19.907
STP-2014,STP,Sao Tome and Principe,Africa,Lower-middle-income countries,2014,43580732,13.747
STP-2015,STP,Sao Tome and Principe,Africa,Lower-middle-income countries,2015,60518260,18.63
STP-2016,STP,Sao Tome and Principe,Africa,Lower-middle-income countries,2016,56624556,15.944
STP-2017,STP,Sao Tome and Principe,Africa,Lower-middle-income countries,2017,47026916,12.498
STP-2018,STP,Sao Tome and Principe,Africa,Lower-middle-income countries,2018,58159780,13.517
STP-2019,STP,Sao Tome and Principe,Africa,Lower-middle-income countries,2019,59288824,12.549
STP-2020,STP,Sao Tome and Principe,Africa,Lower-middle-income countries,2020,102819064,19.562
STP-2021,STP,Sao Tome and Principe,Africa,Lower-middle-income countries,2021,75795070,13.849
STP-2022,STP,Sao Tome and Principe,Africa,Lower-middle-income countries,2022,62186724,10.013
STP-2023,STP,Sao Tome and Principe,Africa,Lower-middle-income countries,2023,88931810,12.606
SAU-2004,SAU,Saudi Arabia,Asia,High-income countries,2004,25002740,0.008
SAU-2005,SAU,Saudi Arabia,Asia,High-income countries,2005,26741850,0.008
SAU-2006,SAU,Saudi Arabia,Asia,High-income countries,2006,25732886,0.006
SAU-2007,SAU,Saudi Arabia,Asia,High-income countries,2007,-106086216,-0.031
SEN-2004,SEN,Senegal,Africa,Low-income countries,2004,1326530000,10.678
SEN-2005,SEN,Senegal,Africa,Low-income countries,2005,875264600,6.423
SEN-2006,SEN,Senegal,Africa,Low-income countries,2006,1044091200,7.473
SEN-2007,SEN,Senegal,Africa,Low-income countries,2007,962043500,6.216
SEN-2008,SEN,Senegal,Africa,Low-income countries,2008,1133192300,6.342
SEN-2009,SEN,Senegal,Africa,Lower-middle-income countries,2009,1109775600,6.372
SEN-2010,SEN,Senegal,Africa,Lower-middle-income countries,2010,874612900,5.01
SEN-2011,SEN,Senegal,Africa,Lower-middle-income countries,2011,1085221900,6.015
SEN-2012,SEN,Senegal,Africa,Lower-middle-income countries,2012,1141435100,6.197
SEN-2013,SEN,Senegal,Africa,Lower-middle-income countries,2013,1076069800,5.348
SEN-2014,SEN,Senegal,Africa,Lower-middle-income countries,2014,1202696700,5.712
SEN-2015,SEN,Senegal,Africa,Low-income countries,2015,1050193860,5.022
SEN-2016,SEN,Senegal,Africa,Low-income countries,2016,872484160,3.943
SEN-2017,SEN,Senegal,Africa,Low-income countries,2017,1032756500,4.45
SEN-2018,SEN,Senegal,Africa,Lower-middle-income countries,2018,1120276000,4.437
SEN-2019,SEN,Senegal,Africa,Lower-middle-income countries,2019,1639962100,6.314
SEN-2020,SEN,Senegal,Africa,Lower-middle-income countries,2020,1783008900,6.688
SEN-2021,SEN,Senegal,Africa,Lower-middle-income countries,2021,1451168300,5.186
SEN-2022,SEN,Senegal,Africa,Lower-middle-income countries,2022,1558247300,5.408
SEN-2023,SEN,Senegal,Africa,Lower-middle-income countries,2023,1996020000,6.588
SRB-2004,SRB,Serbia,Europe,,2004,1573026400,4.355
SRB-2005,SRB,Serbia,Europe,,2005,1347528600,3.815
SRB-2006,SRB,Serbia,Europe,Upper-middle-income countries,2006,1975350400,4.804
SRB-2007,SRB,Serbia,Europe,Upper-middle-income countries,2007,975669500,1.935
SRB-2008,SRB,Serbia,Europe,Upper-middle-income countries,2008,1042377340,1.849
SRB-2009,SRB,Serbia,Europe,Upper-middle-income countries,2009,677579650,1.346
SRB-2010,SRB,Serbia,Europe,Upper-middle-income countries,2010,712256400,1.489
SRB-2011,SRB,Serbia,Europe,Upper-middle-income countries,2011,1419980000,2.795
SRB-2012,SRB,Serbia,Europe,Upper-middle-income countries,2012,1193745300,2.49
SRB-2013,SRB,Serbia,Europe,Upper-middle-income countries,2013,811578200,1.606
SRB-2014,SRB,Serbia,Europe,Upper-middle-income countries,2014,379614240,0.775
SRB-2015,SRB,Serbia,Europe,Upper-middle-income countries,2015,380787550,0.792
SRB-2016,SRB,Serbia,Europe,Upper-middle-income countries,2016,768744300,1.586
SRB-2017,SRB,Serbia,Europe,Upper-middle-income countries,2017,1980467500,3.916
SRB-2018,SRB,Serbia,Europe,Upper-middle-income countries,2018,1200870900,2.131
SRB-2019,SRB,Serbia,Europe,Upper-middle-income countries,2019,647489660,1.106
SRB-2020,SRB,Serbia,Europe,Upper-middle-income countries,2020,541677060,0.902
SRB-2021,SRB,Serbia,Europe,Upper-middle-income countries,2021,548150460,0.838
SRB-2022,SRB,Serbia,Europe,Upper-middle-income countries,2022,584057700,0.804
SRB-2023,SRB,Serbia,Europe,Upper-middle-income countries,2023,596333440,0.75
SYC-2004,SYC,Seychelles,Africa,Upper-middle-income countries,2004,12831325,1.178
SYC-2005,SYC,Seychelles,Africa,Upper-middle-income countries,2005,20832838,1.74
SYC-2006,SYC,Seychelles,Africa,Upper-middle-income countries,2006,15948264,1.255
SYC-2007,SYC,Seychelles,Africa,Upper-middle-income countries,2007,6761340,0.604
SYC-2008,SYC,Seychelles,Africa,Upper-middle-income countries,2008,7095419,0.831
SYC-2009,SYC,Seychelles,Africa,Upper-middle-income countries,2009,20657302,2.909
SYC-2010,SYC,Seychelles,Africa,Upper-middle-income countries,2010,33486492,3.83
SYC-2011,SYC,Seychelles,Africa,Upper-middle-income countries,2011,22758658,2.307
SYC-2012,SYC,Seychelles,Africa,Upper-middle-income countries,2012,36819390,3.2
SYC-2013,SYC,Seychelles,Africa,Upper-middle-income countries,2013,28395406,2.192
SYC-2014,SYC,Seychelles,Africa,High-income countries,2014,12414745,0.923
SYC-2015,SYC,Seychelles,Africa,High-income countries,2015,7680099,0.503
SYC-2016,SYC,Seychelles,Africa,High-income countries,2016,6978830,0.397
SYC-2017,SYC,Seychelles,Africa,High-income countries,2017,16921794,1.037
SLE-2004,SLE,Sierra Leone,Africa,Low-income countries,2004,488745630,18.299
SLE-2005,SLE,Sierra Leone,Africa,Low-income countries,2005,427718980,14.178
SLE-2006,SLE,Sierra Leone,Africa,Low-income countries,2006,444762780,13.603
SLE-2007,SLE,Sierra Leone,Africa,Low-income countries,2007,605307200,18.254
SLE-2008,SLE,Sierra Leone,Africa,Low-income countries,2008,403661250,10.499
SLE-2009,SLE,Sierra Leone,Africa,Low-income countries,2009,486356600,11.821
SLE-2010,SLE,Sierra Leone,Africa,Low-income countries,2010,447586270,9.451
SLE-2011,SLE,Sierra Leone,Africa,Low-income countries,2011,443010980,9.128
SLE-2012,SLE,Sierra Leone,Africa,Low-income countries,2012,475952640,7.378
SLE-2013,SLE,Sierra Leone,Africa,Low-income countries,2013,471311500,6.354
SLE-2014,SLE,Sierra Leone,Africa,Low-income countries,2014,958912400,12.512
SLE-2015,SLE,Sierra Leone,Africa,Low-income countries,2015,1102645400,14.185
SLE-2016,SLE,Sierra Leone,Africa,Low-income countries,2016,843307200,11.577
SLE-2017,SLE,Sierra Leone,Africa,Low-income countries,2017,651972350,9.577
SLE-2018,SLE,Sierra Leone,Africa,Low-income countries,2018,581192300,8.038
SLE-2019,SLE,Sierra Leone,Africa,Low-income countries,2019,652028350,8.784
SLE-2020,SLE,Sierra Leone,Africa,Low-income countries,2020,942039360,12.636
SLE-2021,SLE,Sierra Leone,Africa,Low-income countries,2021,746011400,10.013
SLE-2022,SLE,Sierra Leone,Africa,Low-income countries,2022,559896800,7.358
SLE-2023,SLE,Sierra Leone,Africa,Low-income countries,2023,503082020,7.701
SLB-2004,SLB,Solomon Islands,Oceania,Low-income countries,2004,195100510,25.864
SLB-2005,SLB,Solomon Islands,Oceania,Low-income countries,2005,280561950,35.521
SLB-2006,SLB,Solomon Islands,Oceania,Low-income countries,2006,279122720,33.118
SLB-2007,SLB,Solomon Islands,Oceania,Low-income countries,2007,292757020,35.827
SLB-2008,SLB,Solomon Islands,Oceania,Lower-middle-income countries,2008,266397950,31.133
SLB-2009,SLB,Solomon Islands,Oceania,Low-income countries,2009,261093470,27.437
SLB-2010,SLB,Solomon Islands,Oceania,Lower-middle-income countries,2010,342781630,39.021
SLB-2011,SLB,Solomon Islands,Oceania,Lower-middle-income countries,2011,288210700,33.119
SLB-2012,SLB,Solomon Islands,Oceania,Lower-middle-income countries,2012,274777950,27.048
SLB-2013,SLB,Solomon Islands,Oceania,Lower-middle-income countries,2013,271472740,22.468
SLB-2014,SLB,Solomon Islands,Oceania,Lower-middle-income countries,2014,196979040,15.191
SLB-2015,SLB,Solomon Islands,Oceania,Lower-middle-income countries,2015,219863980,14.8
SLB-2016,SLB,Solomon Islands,Oceania,Lower-middle-income countries,2016,200580930,13.127
SLB-2017,SLB,Solomon Islands,Oceania,Lower-middle-income countries,2017,205378000,12.973
SLB-2018,SLB,Solomon Islands,Oceania,Lower-middle-income countries,2018,210473180,12.261
SLB-2019,SLB,Solomon Islands,Oceania,Lower-middle-income countries,2019,256438200,13.967
SLB-2020,SLB,Solomon Islands,Oceania,Lower-middle-income countries,2020,238111250,13.633
SLB-2021,SLB,Solomon Islands,Oceania,Lower-middle-income countries,2021,256690640,17.172
SLB-2022,SLB,Solomon Islands,Oceania,Lower-middle-income countries,2022,260230500,16.097
SLB-2023,SLB,Solomon Islands,Oceania,Lower-middle-income countries,2023,247437040,14.446
SOM-2004,SOM,Somalia,Africa,Low-income countries,2004,268790660,5.309
SOM-2005,SOM,Somalia,Africa,Low-income countries,2005,309676130,5.215
SOM-2006,SOM,Somalia,Africa,Low-income countries,2006,498540930,8.002
SOM-2007,SOM,Somalia,Africa,Low-income countries,2007,444625000,7.351
SOM-2008,SOM,Somalia,Africa,Low-income countries,2008,870575300,13.114
SOM-2009,SOM,Somalia,Africa,Low-income countries,2009,766613400,22.69
SOM-2010,SOM,Somalia,Africa,Low-income countries,2010,554686700,18.905
SOM-2011,SOM,Somalia,Africa,Low-income countries,2011,1108058400,38.133
SOM-2012,SOM,Somalia,Africa,Low-income countries,2012,1062177600,22.691
SOM-2013,SOM,Somalia,Africa,Low-income countries,2013,1110807700,20.962
SOM-2014,SOM,Somalia,Africa,Low-income countries,2014,1160795800,19.466
SOM-2015,SOM,Somalia,Africa,Low-income countries,2015,1442489200,20.587
SOM-2016,SOM,Somalia,Africa,Low-income countries,2016,1423727200,17.987
SOM-2017,SOM,Somalia,Africa,Low-income countries,2017,2114201500,23.196
SOM-2018,SOM,Somalia,Africa,Low-income countries,2018,1814864900,20.094
SOM-2019,SOM,Somalia,Africa,Low-income countries,2019,2018707000,19.962
SOM-2020,SOM,Somalia,Africa,Low-income countries,2020,3439693000,35.456
SOM-2021,SOM,Somalia,Africa,Low-income countries,2021,2552373200,25.501
SOM-2022,SOM,Somalia,Africa,Low-income countries,2022,2093305200,19.203
SOM-2023,SOM,Somalia,Africa,Low-income countries,2023,2240558300,19.983
ZAF-2004,ZAF,South Africa,Africa,Upper-middle-income countries,2004,830586800,0.251
ZAF-2005,ZAF,South Africa,Africa,Upper-middle-income countries,2005,879932740,0.24
ZAF-2006,ZAF,South Africa,Africa,Upper-middle-income countries,2006,907488100,0.242
ZAF-2007,ZAF,South Africa,Africa,Upper-middle-income countries,2007,956603300,0.246
ZAF-2008,ZAF,South Africa,Africa,Upper-middle-income countries,2008,1307196500,0.363
ZAF-2009,ZAF,South Africa,Africa,Upper-middle-income countries,2009,1343005300,0.332
ZAF-2010,ZAF,South Africa,Africa,Upper-middle-income countries,2010,1278293200,0.251
ZAF-2011,ZAF,South Africa,Africa,Upper-middle-income countries,2011,1614214400,0.312
ZAF-2012,ZAF,South Africa,Africa,Upper-middle-income countries,2012,1290006500,0.252
ZAF-2013,ZAF,South Africa,Africa,Upper-middle-income countries,2013,1466604000,0.331
ZAF-2014,ZAF,South Africa,Africa,Upper-middle-income countries,2014,1255989400,0.29
ZAF-2015,ZAF,South Africa,Africa,Upper-middle-income countries,2015,1754863200,0.419
ZAF-2016,ZAF,South Africa,Africa,Upper-middle-income countries,2016,1472768100,0.374
ZAF-2017,ZAF,South Africa,Africa,Upper-middle-income countries,2017,1243914400,0.274
ZAF-2018,ZAF,South Africa,Africa,Upper-middle-income countries,2018,1097857800,0.234
ZAF-2019,ZAF,South Africa,Africa,Upper-middle-income countries,2019,1136571100,0.254
ZAF-2020,ZAF,South Africa,Africa,Upper-middle-income countries,2020,1400891000,0.362
ZAF-2021,ZAF,South Africa,Africa,Upper-middle-income countries,2021,1148017500,0.253
ZAF-2022,ZAF,South Africa,Africa,Upper-middle-income countries,2022,1103566000,0.258
ZAF-2023,ZAF,South Africa,Africa,Upper-middle-income countries,2023,1545918000,0.401
SSD-2011,SSD,South Sudan,Africa,Lower-middle-income countries,2011,447904060,5.097
SSD-2012,SSD,South Sudan,Africa,Low-income countries,2012,1312870900,10.328
SSD-2013,SSD,South Sudan,Africa,Lower-middle-income countries,2013,1529571100,8.036
SSD-2014,SSD,South Sudan,Africa,Low-income countries,2014,2217291000,16.431
SSD-2015,SSD,South Sudan,Africa,Low-income countries,2015,2002901500,15.916
SSD-2016,SSD,South Sudan,Africa,Low-income countries,2016,1943066200,51.145
SSD-2017,SSD,South Sudan,Africa,Low-income countries,2017,2643471400,62.147
SSD-2018,SSD,South Sudan,Africa,Low-income countries,2018,1843823400,45.123
SSD-2019,SSD,South Sudan,Africa,Low-income countries,2019,1966909800,39.858
SSD-2020,SSD,South Sudan,Africa,Low-income countries,2020,2100350600,44.16
SSD-2021,SSD,South Sudan,Africa,Low-income countries,2021,2269767200,50.325
SSD-2022,SSD,South Sudan,Africa,Low-income countries,2022,2210380000,49.16
SSD-2023,SSD,South Sudan,Africa,Low-income countries,2023,1885426300,41.144
LKA-2004,LKA,Sri Lanka,Asia,Lower-middle-income countries,2004,435124450,1.996
LKA-2005,LKA,Sri Lanka,Asia,Lower-middle-income countries,2005,1177645700,4.313
LKA-2006,LKA,Sri Lanka,Asia,Lower-middle-income countries,2006,761739260,2.456
LKA-2007,LKA,Sri Lanka,Asia,Lower-middle-income countries,2007,554678400,1.583
LKA-2008,LKA,Sri Lanka,Asia,Lower-middle-income countries,2008,652957400,1.596
LKA-2009,LKA,Sri Lanka,Asia,Lower-middle-income countries,2009,643829600,1.459
LKA-2010,LKA,Sri Lanka,Asia,Lower-middle-income countries,2010,425993380,0.791
LKA-2011,LKA,Sri Lanka,Asia,Lower-middle-income countries,2011,548857000,0.913
LKA-2012,LKA,Sri Lanka,Asia,Lower-middle-income countries,2012,424958180,0.709
LKA-2013,LKA,Sri Lanka,Asia,Lower-middle-income countries,2013,388973200,0.536
LKA-2014,LKA,Sri Lanka,Asia,Lower-middle-income countries,2014,472702180,0.609
LKA-2015,LKA,Sri Lanka,Asia,Lower-middle-income countries,2015,512740770,0.536
LKA-2016,LKA,Sri Lanka,Asia,Lower-middle-income countries,2016,444408100,0.435
LKA-2017,LKA,Sri Lanka,Asia,Lower-middle-income countries,2017,356402020,0.343
LKA-2018,LKA,Sri Lanka,Asia,Upper-middle-income countries,2018,-283278980,-0.269
LKA-2019,LKA,Sri Lanka,Asia,Lower-middle-income countries,2019,204804420,0.223
LKA-2020,LKA,Sri Lanka,Asia,Lower-middle-income countries,2020,216724210,0.267
LKA-2021,LKA,Sri Lanka,Asia,Lower-middle-income countries,2021,173768220,0.179
LKA-2022,LKA,Sri Lanka,Asia,Lower-middle-income countries,2022,3677153,0.017
LKA-2023,LKA,Sri Lanka,Asia,Lower-middle-income countries,2023,841912400,1.019
SDN-2004,SDN,Sudan,Africa,Low-income countries,2004,1400197100,3.895
SDN-2005,SDN,Sudan,Africa,Low-income countries,2005,2502118700,5.397
SDN-2006,SDN,Sudan,Africa,Low-income countries,2006,2656022800,4.736
SDN-2007,SDN,Sudan,Africa,Lower-middle-income countries,2007,2545858600,3.708
SDN-2008,SDN,Sudan,Africa,Lower-middle-income countries,2008,2959584800,4.151
SDN-2009,SDN,Sudan,Africa,Lower-middle-income countries,2009,2853847000,4.697
SDN-2010,SDN,Sudan,Africa,Lower-middle-income countries,2010,2341843700,3.666
SDN-2011,SDN,Sudan,Africa,Lower-middle-income countries,2011,1961189400,3.401
SDN-2012,SDN,Sudan,Africa,Lower-middle-income countries,2012,1525144800,3.845
SDN-2013,SDN,Sudan,Africa,Lower-middle-income countries,2013,1748983200,3.747
SDN-2014,SDN,Sudan,Africa,Lower-middle-income countries,2014,959040960,1.801
SDN-2015,SDN,Sudan,Africa,Lower-middle-income countries,2015,1154473700,1.918
SDN-2016,SDN,Sudan,Africa,Lower-middle-income countries,2016,973795000,1.937
SDN-2017,SDN,Sudan,Africa,Lower-middle-income countries,2017,1016950600,2.176
SDN-2018,SDN,Sudan,Africa,Lower-middle-income countries,2018,1109770600,3.17
SDN-2019,SDN,Sudan,Africa,Low-income countries,2019,1778280200,5.003
SDN-2020,SDN,Sudan,Africa,Low-income countries,2020,2637787100,9.197
SDN-2021,SDN,Sudan,Africa,Low-income countries,2021,4042887200,11.621
SDN-2022,SDN,Sudan,Africa,Low-income countries,2022,1660430800,3.058
SDN-2023,SDN,Sudan,Africa,Low-income countries,2023,1423719300,3.568
SUR-2004,SUR,Suriname,South America,Lower-middle-income countries,2004,31608724,1.745
SUR-2005,SUR,Suriname,South America,Lower-middle-income countries,2005,56200710,2.446
SUR-2006,SUR,Suriname,South America,Lower-middle-income countries,2006,78497400,2.451
SUR-2007,SUR,Suriname,South America,Upper-middle-income countries,2007,167665310,5.123
SUR-2008,SUR,Suriname,South America,Upper-middle-income countries,2008,104180536,2.815
SUR-2009,SUR,Suriname,South America,Upper-middle-income countries,2009,168377970,3.982
SUR-2010,SUR,Suriname,South America,Upper-middle-income countries,2010,114211310,2.356
SUR-2011,SUR,Suriname,South America,Upper-middle-income countries,2011,80593000,1.835
SUR-2012,SUR,Suriname,South America,Upper-middle-income countries,2012,43530240,0.843
SUR-2013,SUR,Suriname,South America,Upper-middle-income countries,2013,31731744,0.615
SUR-2014,SUR,Suriname,South America,Upper-middle-income countries,2014,14040733,0.259
SUR-2015,SUR,Suriname,South America,Upper-middle-income countries,2015,19776122,0.313
SUR-2016,SUR,Suriname,South America,Upper-middle-income countries,2016,20337176,0.524
SUR-2017,SUR,Suriname,South America,Upper-middle-income countries,2017,23708942,0.629
SUR-2018,SUR,Suriname,South America,Upper-middle-income countries,2018,15638176,0.393
SUR-2019,SUR,Suriname,South America,Upper-middle-income countries,2019,26218274,0.657
SUR-2020,SUR,Suriname,South America,Upper-middle-income countries,2020,30809234,1.124
SUR-2021,SUR,Suriname,South America,Upper-middle-income countries,2021,30534446,1.075
SUR-2022,SUR,Suriname,South America,Upper-middle-income countries,2022,60505156,1.586
SUR-2023,SUR,Suriname,South America,Upper-middle-income countries,2023,44492430,1.388
SYR-2004,SYR,Syria,Asia,Lower-middle-income countries,2004,149497540,0.459
SYR-2005,SYR,Syria,Asia,Lower-middle-income countries,2005,109754056,0.27
SYR-2006,SYR,Syria,Asia,Lower-middle-income countries,2006,36967480,0.063
SYR-2007,SYR,Syria,Asia,Lower-middle-income countries,2007,102369980,0.221
SYR-2008,SYR,Syria,Asia,Lower-middle-income countries,2008,184683860,0.32
SYR-2009,SYR,Syria,Asia,Lower-middle-income countries,2009,247003470,0.4
SYR-2010,SYR,Syria,Asia,Lower-middle-income countries,2010,216393940,0.303
SYR-2011,SYR,Syria,Asia,Lower-middle-income countries,2011,335270000,0.533
SYR-2012,SYR,Syria,Asia,Lower-middle-income countries,2012,1590971100,4.028
SYR-2013,SYR,Syria,Asia,Lower-middle-income countries,2013,3678568700,17.797
SYR-2014,SYR,Syria,Asia,Lower-middle-income countries,2014,4165307600,20.186
SYR-2015,SYR,Syria,Asia,Lower-middle-income countries,2015,5492602400,31.05
SYR-2016,SYR,Syria,Asia,Lower-middle-income countries,2016,9963228000,73.364
SYR-2017,SYR,Syria,Asia,Low-income countries,2017,12158673000,66.023
SYR-2018,SYR,Syria,Asia,Low-income countries,2018,12532595000,48.244
SYR-2019,SYR,Syria,Asia,Low-income countries,2019,13085936000,46.612
SYR-2020,SYR,Syria,Asia,Low-income countries,2020,13616084000,86.926
SYR-2021,SYR,Syria,Asia,Low-income countries,2021,12651661000,70.068
SYR-2022,SYR,Syria,Asia,Low-income countries,2022,9034356000,31.479
SYR-2023,SYR,Syria,Asia,Low-income countries,2023,10202488000,47.832
TJK-2004,TJK,Tajikistan,Asia,Low-income countries,2004,313267840,11.338
TJK-2005,TJK,Tajikistan,Asia,Low-income countries,2005,298914000,8.507
TJK-2006,TJK,Tajikistan,Asia,Low-income countries,2006,263005760,5.975
TJK-2007,TJK,Tajikistan,Asia,Low-income countries,2007,229015790,4.153
TJK-2008,TJK,Tajikistan,Asia,Low-income countries,2008,266910060,3.522
TJK-2009,TJK,Tajikistan,Asia,Low-income countries,2009,331198200,5.01
TJK-2010,TJK,Tajikistan,Asia,Low-income countries,2010,353532800,4.649
TJK-2011,TJK,Tajikistan,Asia,Low-income countries,2011,289560800,3.392
TJK-2012,TJK,Tajikistan,Asia,Low-income countries,2012,417522270,4.046
TJK-2013,TJK,Tajikistan,Asia,Low-income countries,2013,411882400,3.514
TJK-2014,TJK,Tajikistan,Asia,Lower-middle-income countries,2014,376327330,3.156
TJK-2015,TJK,Tajikistan,Asia,Lower-middle-income countries,2015,509905180,4.412
TJK-2016,TJK,Tajikistan,Asia,Lower-middle-income countries,2016,421927200,4.451
TJK-2017,TJK,Tajikistan,Asia,Low-income countries,2017,377572500,3.8
TJK-2018,TJK,Tajikistan,Asia,Low-income countries,2018,446333630,4.491
TJK-2019,TJK,Tajikistan,Asia,Low-income countries,2019,408572450,3.759
TJK-2020,TJK,Tajikistan,Asia,Lower-middle-income countries,2020,788577700,7.532
TJK-2021,TJK,Tajikistan,Asia,Lower-middle-income countries,2021,583430900,5.21
TJK-2022,TJK,Tajikistan,Asia,Lower-middle-income countries,2022,638465500,4.184
TJK-2023,TJK,Tajikistan,Asia,Lower-middle-income countries,2023,542574800,3.475
TZA-2004,TZA,Tanzania,Africa,Low-income countries,2004,2265965300,10.768
TZA-2005,TZA,Tanzania,Africa,Low-income countries,2005,1865883600,8.257
TZA-2006,TZA,Tanzania,Africa,Low-income countries,2006,2291183600,10.137
TZA-2007,TZA,Tanzania,Africa,Low-income countries,2007,2965803000,13.072
TZA-2008,TZA,Tanzania,Africa,Low-income countries,2008,2507452000,8.429
TZA-2009,TZA,Tanzania,Africa,Low-income countries,2009,3521049900,10.733
TZA-2010,TZA,Tanzania,Africa,Low-income countries,2010,2561347000,7.175
TZA-2011,TZA,Tanzania,Africa,Low-income countries,2011,2623911200,7.179
TZA-2012,TZA,Tanzania,Africa,Low-income countries,2012,3084519400,7.222
TZA-2013,TZA,Tanzania,Africa,Low-income countries,2013,3717016300,7.639
TZA-2014,TZA,Tanzania,Africa,Low-income countries,2014,2857968400,5.36
TZA-2015,TZA,Tanzania,Africa,Low-income countries,2015,3039374300,5.537
TZA-2016,TZA,Tanzania,Africa,Low-income countries,2016,2729185300,4.75
TZA-2017,TZA,Tanzania,Africa,Low-income countries,2017,3046600700,4.94
TZA-2018,TZA,Tanzania,Africa,Low-income countries,2018,2789319200,4.356
TZA-2019,TZA,Tanzania,Africa,Lower-middle-income countries,2019,2450856700,3.544
TZA-2020,TZA,Tanzania,Africa,Lower-middle-income countries,2020,2560471300,3.516
TZA-2021,TZA,Tanzania,Africa,Lower-middle-income countries,2021,2753472500,3.771
TZA-2022,TZA,Tanzania,Africa,Lower-middle-income countries,2022,2822672000,3.557
TZA-2023,TZA,Tanzania,Africa,Lower-middle-income countries,2023,3264756000,4.113
THA-2004,THA,Thailand,Asia,Lower-middle-income countries,2004,104760110,0.031
THA-2005,THA,Thailand,Asia,Lower-middle-income countries,2005,-45140160,-0.091
THA-2006,THA,Thailand,Asia,Lower-middle-income countries,2006,-74980500,-0.1
THA-2007,THA,Thailand,Asia,Lower-middle-income countries,2007,-193024580,-0.121
THA-2008,THA,Thailand,Asia,Lower-middle-income countries,2008,-397273760,-0.219
THA-2009,THA,Thailand,Asia,Lower-middle-income countries,2009,40787464,-0.011
THA-2010,THA,Thailand,Asia,Upper-middle-income countries,2010,56869370,-0.006
THA-2011,THA,Thailand,Asia,Upper-middle-income countries,2011,-64983460,-0.037
THA-2012,THA,Thailand,Asia,Upper-middle-income countries,2012,-16620523,-0.035
THA-2013,THA,Thailand,Asia,Upper-middle-income countries,2013,105653330,0.007
THA-2014,THA,Thailand,Asia,Upper-middle-income countries,2014,341871550,0.092
THA-2015,THA,Thailand,Asia,Upper-middle-income countries,2015,98420744,0.015
THA-2016,THA,Thailand,Asia,Upper-middle-income countries,2016,227803380,0.058
THA-2017,THA,Thailand,Asia,Upper-middle-income countries,2017,263502800,0.057
THA-2018,THA,Thailand,Asia,Upper-middle-income countries,2018,-291325150,-0.087
THA-2019,THA,Thailand,Asia,Upper-middle-income countries,2019,-213154320,-0.067
THA-2020,THA,Thailand,Asia,Upper-middle-income countries,2020,221157360,0.041
THA-2021,THA,Thailand,Asia,Upper-middle-income countries,2021,162183730,0.027
THA-2022,THA,Thailand,Asia,Upper-middle-income countries,2022,550134700,0.116
THA-2023,THA,Thailand,Asia,Upper-middle-income countries,2023,98408030,0.017
TGO-2004,TGO,Togo,Africa,Low-income countries,2004,84310040,2.063
TGO-2005,TGO,Togo,Africa,Low-income countries,2005,103439144,2.592
TGO-2006,TGO,Togo,Africa,Low-income countries,2006,96167750,2.432
TGO-2007,TGO,Togo,Africa,Low-income countries,2007,136506900,3.284
TGO-2008,TGO,Togo,Africa,Low-income countries,2008,338212500,7.234
TGO-2009,TGO,Togo,Africa,Low-income countries,2009,556585000,10.515
TGO-2010,TGO,Togo,Africa,Low-income countries,2010,419055230,8.354
TGO-2011,TGO,Togo,Africa,Low-income countries,2011,561632260,9.59
TGO-2012,TGO,Togo,Africa,Low-income countries,2012,256047550,4.522
TGO-2013,TGO,Togo,Africa,Low-income countries,2013,232218400,3.743
TGO-2014,TGO,Togo,Africa,Low-income countries,2014,219575440,3.276
TGO-2015,TGO,Togo,Africa,Low-income countries,2015,239263060,3.388
TGO-2016,TGO,Togo,Africa,Low-income countries,2016,201743140,2.751
TGO-2017,TGO,Togo,Africa,Low-income countries,2017,399990270,5.396
TGO-2018,TGO,Togo,Africa,Low-income countries,2018,368961180,4.776
TGO-2019,TGO,Togo,Africa,Low-income countries,2019,457557700,5.769
TGO-2020,TGO,Togo,Africa,Low-income countries,2020,623037900,7.56
TGO-2021,TGO,Togo,Africa,Low-income countries,2021,368884580,4.212
TGO-2022,TGO,Togo,Africa,Low-income countries,2022,466109200,5.253
TGO-2023,TGO,Togo,Africa,Low-income countries,2023,622250300,6.617
TKL-2004,TKL,Tokelau,Oceania,,2004,13223401,
TKL-2005,TKL,Tokelau,Oceania,,2005,22958442,
TKL-2006,TKL,Tokelau,Oceania,,2006,16325144,
TKL-2007,TKL,Tokelau,Oceania,,2007,16493290,
TKL-2008,TKL,Tokelau,Oceania,,2008,28071756,
TKL-2009,TKL,Tokelau,Oceania,,2009,13933008,
TKL-2010,TKL,Tokelau,Oceania,,2010,17439274,
TKL-2011,TKL,Tokelau,Oceania,,2011,21112136,
TKL-2012,TKL,Tokelau,Oceania,,2012,19488716,
TKL-2013,TKL,Tokelau,Oceania,,2013,24134440,
TKL-2014,TKL,Tokelau,Oceania,,2014,18181042,
TKL-2015,TKL,Tokelau,Oceania,,2015,10062615,
TKL-2016,TKL,Tokelau,Oceania,,2016,16281799,
TKL-2017,TKL,Tokelau,Oceania,,2017,7928501,
TKL-2018,TKL,Tokelau,Oceania,,2018,29634878,
TKL-2019,TKL,Tokelau,Oceania,,2019,21290958,
TKL-2020,TKL,Tokelau,Oceania,,2020,18149064,
TKL-2021,TKL,Tokelau,Oceania,,2021,14902524,
TKL-2022,TKL,Tokelau,Oceania,,2022,9232956,
TKL-2023,TKL,Tokelau,Oceania,,2023,15540597,
TON-2004,TON,Tonga,Oceania,Lower-middle-income countries,2004,28769466,8.716
TON-2005,TON,Tonga,Oceania,Lower-middle-income countries,2005,39244816,12.603
TON-2006,TON,Tonga,Oceania,Lower-middle-income countries,2006,29657560,7.595
TON-2007,TON,Tonga,Oceania,Lower-middle-income countries,2007,38288340,10.568
TON-2008,TON,Tonga,Oceania,Lower-middle-income countries,2008,29437962,7.325
TON-2009,TON,Tonga,Oceania,Lower-middle-income countries,2009,40746172,11.445
TON-2010,TON,Tonga,Oceania,Lower-middle-income countries,2010,54104784,15.583
TON-2011,TON,Tonga,Oceania,Lower-middle-income countries,2011,79392540,20.788
TON-2012,TON,Tonga,Oceania,Upper-middle-income countries,2012,71643870,16.119
TON-2013,TON,Tonga,Oceania,Upper-middle-income countries,2013,80075500,17.514
TON-2014,TON,Tonga,Oceania,Upper-middle-income countries,2014,77695736,18.092
TON-2015,TON,Tonga,Oceania,Lower-middle-income countries,2015,78164260,15.474
TON-2016,TON,Tonga,Oceania,Upper-middle-income countries,2016,92564400,19.346
TON-2017,TON,Tonga,Oceania,Upper-middle-income countries,2017,92057630,18.249
TON-2018,TON,Tonga,Oceania,Upper-middle-income countries,2018,104394880,18.996
TON-2019,TON,Tonga,Oceania,Upper-middle-income countries,2019,117692460,20.483
TON-2020,TON,Tonga,Oceania,Upper-middle-income countries,2020,176017280,30.578
TON-2021,TON,Tonga,Oceania,Upper-middle-income countries,2021,112609410,20.634
TON-2022,TON,Tonga,Oceania,Upper-middle-income countries,2022,312395420,54.237
TON-2023,TON,Tonga,Oceania,Upper-middle-income countries,2023,131505300,23.384
TTO-2004,TTO,Trinidad and Tobago,North America,Upper-middle-income countries,2004,-2363528,-0.012
TTO-2005,TTO,Trinidad and Tobago,North America,Upper-middle-income countries,2005,-3757238,-0.016
TTO-2006,TTO,Trinidad and Tobago,North America,High-income countries,2006,14496080,0.071
TTO-2007,TTO,Trinidad and Tobago,North America,High-income countries,2007,22358782,0.099
TTO-2008,TTO,Trinidad and Tobago,North America,High-income countries,2008,9602845,0.035
TTO-2009,TTO,Trinidad and Tobago,North America,High-income countries,2009,7534900,0.037
TTO-2010,TTO,Trinidad and Tobago,North America,High-income countries,2010,5087356,0.021
TUN-2004,TUN,Tunisia,Africa,Lower-middle-income countries,2004,379012670,1.116
TUN-2005,TUN,Tunisia,Africa,Lower-middle-income countries,2005,417679550,1.203
TUN-2006,TUN,Tunisia,Africa,Lower-middle-income countries,2006,507721500,1.332
TUN-2007,TUN,Tunisia,Africa,Lower-middle-income countries,2007,338944420,0.885
TUN-2008,TUN,Tunisia,Africa,Lower-middle-income countries,2008,361396740,0.894
TUN-2009,TUN,Tunisia,Africa,Lower-middle-income countries,2009,494096600,1.194
TUN-2010,TUN,Tunisia,Africa,Upper-middle-income countries,2010,558378240,1.231
TUN-2011,TUN,Tunisia,Africa,Upper-middle-income countries,2011,916073150,2.013
TUN-2012,TUN,Tunisia,Africa,Upper-middle-income countries,2012,1144065900,2.251
TUN-2013,TUN,Tunisia,Africa,Upper-middle-income countries,2013,756282900,1.533
TUN-2014,TUN,Tunisia,Africa,Upper-middle-income countries,2014,925958500,1.9
TUN-2015,TUN,Tunisia,Africa,Lower-middle-income countries,2015,620768800,1.112
TUN-2016,TUN,Tunisia,Africa,Lower-middle-income countries,2016,796107970,1.49
TUN-2017,TUN,Tunisia,Africa,Lower-middle-income countries,2017,947014900,1.972
TUN-2018,TUN,Tunisia,Africa,Lower-middle-income countries,2018,889468540,1.937
TUN-2019,TUN,Tunisia,Africa,Lower-middle-income countries,2019,1102964400,2.401
TUN-2020,TUN,Tunisia,Africa,Lower-middle-income countries,2020,1105532000,2.375
TUN-2021,TUN,Tunisia,Africa,Lower-middle-income countries,2021,1182875100,2.436
TUN-2022,TUN,Tunisia,Africa,Lower-middle-income countries,2022,1340933400,2.73
TUN-2023,TUN,Tunisia,Africa,Lower-middle-income countries,2023,1247205900,2.609
TUR-2004,TUR,Turkey,Asia,Upper-middle-income countries,2004,374544260,0.072
TUR-2005,TUR,Turkey,Asia,Upper-middle-income countries,2005,524966000,0.08
TUR-2006,TUR,Turkey,Asia,Upper-middle-income countries,2006,655194200,0.103
TUR-2007,TUR,Turkey,Asia,Upper-middle-income countries,2007,826499500,0.118
TUR-2008,TUR,Turkey,Asia,Upper-middle-income countries,2008,1026373060,0.146
TUR-2009,TUR,Turkey,Asia,Upper-middle-income countries,2009,1321678100,0.211
TUR-2010,TUR,Turkey,Asia,Upper-middle-income countries,2010,878307900,0.135
TUR-2011,TUR,Turkey,Asia,Upper-middle-income countries,2011,3359327200,0.395
TUR-2012,TUR,Turkey,Asia,Upper-middle-income countries,2012,3402764000,0.356
TUR-2013,TUR,Turkey,Asia,Upper-middle-income countries,2013,3011297000,0.3
TUR-2014,TUR,Turkey,Asia,Upper-middle-income countries,2014,3600859600,0.37
TUR-2015,TUR,Turkey,Asia,Upper-middle-income countries,2015,2671997200,0.251
TUR-2016,TUR,Turkey,Asia,Upper-middle-income countries,2016,4456469500,0.419
TUR-2017,TUR,Turkey,Asia,Upper-middle-income countries,2017,3764378000,0.372
TUR-2018,TUR,Turkey,Asia,Upper-middle-income countries,2018,1371292200,0.156
TUR-2019,TUR,Turkey,Asia,Upper-middle-income countries,2019,858766900,0.094
TUR-2020,TUR,Turkey,Asia,Upper-middle-income countries,2020,663141500,0.076
TUR-2021,TUR,Turkey,Asia,Upper-middle-income countries,2021,1134259200,0.131
TUR-2022,TUR,Turkey,Asia,Upper-middle-income countries,2022,834089900,0.089
TUR-2023,TUR,Turkey,Asia,Upper-middle-income countries,2023,1593155100,0.14
TKM-2004,TKM,Turkmenistan,Asia,Lower-middle-income countries,2004,69628300,0.803
TKM-2005,TKM,Turkmenistan,Asia,Lower-middle-income countries,2005,36542710,0.385
TKM-2006,TKM,Turkmenistan,Asia,Lower-middle-income countries,2006,47852436,0.426
TKM-2007,TKM,Turkmenistan,Asia,Lower-middle-income countries,2007,28088922,0.234
TKM-2008,TKM,Turkmenistan,Asia,Lower-middle-income countries,2008,15695722,0.099
TKM-2009,TKM,Turkmenistan,Asia,Lower-middle-income countries,2009,46353108,0.214
TKM-2010,TKM,Turkmenistan,Asia,Lower-middle-income countries,2010,46270564,0.21
TKM-2011,TKM,Turkmenistan,Asia,Upper-middle-income countries,2011,43832996,0.155
TKM-2012,TKM,Turkmenistan,Asia,Upper-middle-income countries,2012,41462570,0.118
TKM-2013,TKM,Turkmenistan,Asia,Upper-middle-income countries,2013,37416148,0.1
TKM-2014,TKM,Turkmenistan,Asia,Upper-middle-income countries,2014,37323240,0.087
TKM-2015,TKM,Turkmenistan,Asia,Upper-middle-income countries,2015,27973692,0.068
TKM-2016,TKM,Turkmenistan,Asia,Upper-middle-income countries,2016,39241696,0.091
TKM-2017,TKM,Turkmenistan,Asia,Upper-middle-income countries,2017,33359420,0.077
TKM-2018,TKM,Turkmenistan,Asia,Upper-middle-income countries,2018,23680324,0.052
TKM-2019,TKM,Turkmenistan,Asia,Upper-middle-income countries,2019,30446250,0.059
TKM-2020,TKM,Turkmenistan,Asia,Upper-middle-income countries,2020,40488670,0.077
TKM-2021,TKM,Turkmenistan,Asia,Upper-middle-income countries,2021,31508462,0.06
TKM-2022,TKM,Turkmenistan,Asia,Upper-middle-income countries,2022,18120678,0.028
TKM-2023,TKM,Turkmenistan,Asia,Upper-middle-income countries,2023,37441256,0.06
TCA-2004,TCA,Turks and Caicos Islands,North America,,2004,3950203,0.593
TCA-2005,TCA,Turks and Caicos Islands,North America,,2005,6467391,0.821
TCA-2006,TCA,Turks and Caicos Islands,North America,,2006,-519505.03,-0.053
TCA-2007,TCA,Turks and Caicos Islands,North America,,2007,16962026,1.819
TUV-2004,TUV,Tuvalu,Oceania,,2004,11407616,21.096
TUV-2005,TUV,Tuvalu,Oceania,,2005,11901896,23.737
TUV-2006,TUV,Tuvalu,Oceania,,2006,15185431,36.496
TUV-2007,TUV,Tuvalu,Oceania,,2007,11965870,21.387
TUV-2008,TUV,Tuvalu,Oceania,,2008,16438274,30.877
TUV-2009,TUV,Tuvalu,Oceania,Lower-middle-income countries,2009,15085202,33.182
TUV-2010,TUV,Tuvalu,Oceania,Lower-middle-income countries,2010,12198266,25.941
TUV-2011,TUV,Tuvalu,Oceania,Upper-middle-income countries,2011,30168870,64.224
TUV-2012,TUV,Tuvalu,Oceania,Upper-middle-income countries,2012,22471314,49.97
TUV-2013,TUV,Tuvalu,Oceania,Upper-middle-income countries,2013,25360588,46.771
TUV-2014,TUV,Tuvalu,Oceania,Upper-middle-income countries,2014,33100434,67.257
TUV-2015,TUV,Tuvalu,Oceania,Upper-middle-income countries,2015,54334450,87.101
TUV-2016,TUV,Tuvalu,Oceania,Upper-middle-income countries,2016,28120074,40.065
TUV-2017,TUV,Tuvalu,Oceania,Upper-middle-income countries,2017,32043266,45.283
TUV-2018,TUV,Tuvalu,Oceania,Upper-middle-income countries,2018,29934328,39.104
TUV-2019,TUV,Tuvalu,Oceania,Upper-middle-income countries,2019,40500816,50.671
TUV-2020,TUV,Tuvalu,Oceania,Upper-middle-income countries,2020,47469084,61.512
TUV-2021,TUV,Tuvalu,Oceania,Upper-middle-income countries,2021,35905324,44.344
TUV-2022,TUV,Tuvalu,Oceania,Upper-middle-income countries,2022,67256150,79.38
TUV-2023,TUV,Tuvalu,Oceania,Upper-middle-income countries,2023,69815980,81.358
UGA-2004,UGA,Uganda,Africa,Low-income countries,2004,1623900700,15.822
UGA-2005,UGA,Uganda,Africa,Low-income countries,2005,1555826800,13.33
UGA-2006,UGA,Uganda,Africa,Low-income countries,2006,1965496700,16.335
UGA-2007,UGA,Uganda,Africa,Low-income countries,2007,2004525300,14.889
UGA-2008,UGA,Uganda,Africa,Low-income countries,2008,1818068900,11.591
UGA-2009,UGA,Uganda,Africa,Low-income countries,2009,2063446000,7.225
UGA-2010,UGA,Uganda,Africa,Low-income countries,2010,1572378200,5.192
UGA-2011,UGA,Uganda,Africa,Low-income countries,2011,1729473500,5.732
UGA-2012,UGA,Uganda,Africa,Low-income countries,2012,1833646700,6.145
UGA-2013,UGA,Uganda,Africa,Low-income countries,2013,1882804100,6.002
UGA-2014,UGA,Uganda,Africa,Low-income countries,2014,1794846100,5.127
UGA-2015,UGA,Uganda,Africa,Low-income countries,2015,1946656100,5.158
UGA-2016,UGA,Uganda,Africa,Low-income countries,2016,2123924600,6.143
UGA-2017,UGA,Uganda,Africa,Low-income countries,2017,2392265200,6.701
UGA-2018,UGA,Uganda,Africa,Low-income countries,2018,2219980800,6.08
UGA-2019,UGA,Uganda,Africa,Low-income countries,2019,2346988800,5.901
UGA-2020,UGA,Uganda,Africa,Low-income countries,2020,3466380800,8.384
UGA-2021,UGA,Uganda,Africa,Low-income countries,2021,2710874600,6.471
UGA-2022,UGA,Uganda,Africa,Low-income countries,2022,2307551000,4.837
UGA-2023,UGA,Uganda,Africa,Low-income countries,2023,2471843800,5.08
UKR-2005,UKR,Ukraine,Europe,Lower-middle-income countries,2005,549179840,0.475
UKR-2006,UKR,Ukraine,Europe,Lower-middle-income countries,2006,632112830,0.457
UKR-2007,UKR,Ukraine,Europe,Lower-middle-income countries,2007,501354880,0.296
UKR-2008,UKR,Ukraine,Europe,Lower-middle-income countries,2008,678935500,0.346
UKR-2009,UKR,Ukraine,Europe,Lower-middle-income countries,2009,722723140,0.57
UKR-2010,UKR,Ukraine,Europe,Lower-middle-income countries,2010,744872900,0.479
UKR-2011,UKR,Ukraine,Europe,Lower-middle-income countries,2011,784576060,0.483
UKR-2012,UKR,Ukraine,Europe,Lower-middle-income countries,2012,868904300,0.427
UKR-2013,UKR,Ukraine,Europe,Lower-middle-income countries,2013,863878800,0.421
UKR-2014,UKR,Ukraine,Europe,Lower-middle-income countries,2014,1479506800,1.064
UKR-2015,UKR,Ukraine,Europe,Lower-middle-income countries,2015,1788438700,1.528
UKR-2016,UKR,Ukraine,Europe,Lower-middle-income countries,2016,1727079000,1.615
UKR-2017,UKR,Ukraine,Europe,Lower-middle-income countries,2017,1425721600,1.038
UKR-2018,UKR,Ukraine,Europe,Lower-middle-income countries,2018,1406182400,0.926
UKR-2019,UKR,Ukraine,Europe,Lower-middle-income countries,2019,1321442000,0.719
UKR-2020,UKR,Ukraine,Europe,Lower-middle-income countries,2020,2639170600,1.462
UKR-2021,UKR,Ukraine,Europe,Lower-middle-income countries,2021,2377115600,1.142
UKR-2022,UKR,Ukraine,Europe,Lower-middle-income countries,2022,31083377000,16.835
UKR-2023,UKR,Ukraine,Europe,Upper-middle-income countries,2023,39936910000,20.9
URY-2004,URY,Uruguay,South America,Upper-middle-income countries,2004,30229752,0.187
URY-2005,URY,Uruguay,South America,Upper-middle-income countries,2005,21757776,0.109
URY-2006,URY,Uruguay,South America,Upper-middle-income countries,2006,28771372,0.127
URY-2007,URY,Uruguay,South America,Upper-middle-income countries,2007,39167616,0.159
URY-2008,URY,Uruguay,South America,Upper-middle-income countries,2008,33859804,0.109
URY-2009,URY,Uruguay,South America,Upper-middle-income countries,2009,51808384,0.16
URY-2010,URY,Uruguay,South America,Upper-middle-income countries,2010,42557516,0.109
URY-2011,URY,Uruguay,South America,Upper-middle-income countries,2011,18395022,0.037
URY-2012,URY,Uruguay,South America,High-income countries,2012,18932630,0.034
URY-2013,URY,Uruguay,South America,High-income countries,2013,39053732,0.063
URY-2014,URY,Uruguay,South America,High-income countries,2014,98639900,0.159
URY-2015,URY,Uruguay,South America,High-income countries,2015,27011554,0.042
URY-2016,URY,Uruguay,South America,High-income countries,2016,20894258,0.033
URY-2017,URY,Uruguay,South America,High-income countries,2017,49249790,0.068
UZB-2004,UZB,Uzbekistan,Asia,Low-income countries,2004,283899650,2.029
UZB-2005,UZB,Uzbekistan,Asia,Low-income countries,2005,200710530,1.184
UZB-2006,UZB,Uzbekistan,Asia,Low-income countries,2006,190841440,0.868
UZB-2007,UZB,Uzbekistan,Asia,Low-income countries,2007,179759040,0.721
UZB-2008,UZB,Uzbekistan,Asia,Low-income countries,2008,182850000,0.574
UZB-2009,UZB,Uzbekistan,Asia,Lower-middle-income countries,2009,184829540,0.495
UZB-2010,UZB,Uzbekistan,Asia,Lower-middle-income countries,2010,154843950,0.28
UZB-2011,UZB,Uzbekistan,Asia,Lower-middle-income countries,2011,152624200,0.235
UZB-2012,UZB,Uzbekistan,Asia,Lower-middle-income countries,2012,283024800,0.375
UZB-2013,UZB,Uzbekistan,Asia,Lower-middle-income countries,2013,310119520,0.397
UZB-2014,UZB,Uzbekistan,Asia,Lower-middle-income countries,2014,339464800,0.396
UZB-2015,UZB,Uzbekistan,Asia,Lower-middle-income countries,2015,493045540,0.515
UZB-2016,UZB,Uzbekistan,Asia,Lower-middle-income countries,2016,538498000,0.587
UZB-2017,UZB,Uzbekistan,Asia,Lower-middle-income countries,2017,649762050,0.901
UZB-2018,UZB,Uzbekistan,Asia,Lower-middle-income countries,2018,1126503600,1.758
UZB-2019,UZB,Uzbekistan,Asia,Lower-middle-income countries,2019,1166564900,1.696
UZB-2020,UZB,Uzbekistan,Asia,Lower-middle-income countries,2020,1513779300,2.197
UZB-2021,UZB,Uzbekistan,Asia,Lower-middle-income countries,2021,1123545500,1.497
UZB-2022,UZB,Uzbekistan,Asia,Lower-middle-income countries,2022,1701821000,1.739
UZB-2023,UZB,Uzbekistan,Asia,Lower-middle-income countries,2023,1212606300,1.158
VUT-2004,VUT,Vanuatu,Oceania,Lower-middle-income countries,2004,55914668,11.157
VUT-2005,VUT,Vanuatu,Oceania,Lower-middle-income countries,2005,55187130,10.922
VUT-2006,VUT,Vanuatu,Oceania,Lower-middle-income countries,2006,66775588,11.834
VUT-2007,VUT,Vanuatu,Oceania,Lower-middle-income countries,2007,66018970,11.711
VUT-2008,VUT,Vanuatu,Oceania,Lower-middle-income countries,2008,108826390,15.817
VUT-2009,VUT,Vanuatu,Oceania,Lower-middle-income countries,2009,123780330,17.717
VUT-2010,VUT,Vanuatu,Oceania,Lower-middle-income countries,2010,115902110,16.872
VUT-2011,VUT,Vanuatu,Oceania,Lower-middle-income countries,2011,83984220,12.368
VUT-2012,VUT,Vanuatu,Oceania,Lower-middle-income countries,2012,91301416,14.46
VUT-2013,VUT,Vanuatu,Oceania,Lower-middle-income countries,2013,84908130,12.05
VUT-2014,VUT,Vanuatu,Oceania,Lower-middle-income countries,2014,97842710,12.775
VUT-2015,VUT,Vanuatu,Oceania,Lower-middle-income countries,2015,215863470,24.134
VUT-2016,VUT,Vanuatu,Oceania,Lower-middle-income countries,2016,141719900,15.709
VUT-2017,VUT,Vanuatu,Oceania,Lower-middle-income countries,2017,140579440,15.046
VUT-2018,VUT,Vanuatu,Oceania,Lower-middle-income countries,2018,142355940,13.915
VUT-2019,VUT,Vanuatu,Oceania,Lower-middle-income countries,2019,147589490,12.206
VUT-2020,VUT,Vanuatu,Oceania,Lower-middle-income countries,2020,170553950,15.206
VUT-2021,VUT,Vanuatu,Oceania,Lower-middle-income countries,2021,168359740,14.907
VUT-2022,VUT,Vanuatu,Oceania,Lower-middle-income countries,2022,130066830,10.522
VUT-2023,VUT,Vanuatu,Oceania,Lower-middle-income countries,2023,151873000,11.636
VEN-2004,VEN,Venezuela,South America,Upper-middle-income countries,2004,60306068,0.043
VEN-2005,VEN,Venezuela,South America,Upper-middle-income countries,2005,62181016,0.034
VEN-2006,VEN,Venezuela,South America,Upper-middle-income countries,2006,71041944,0.031
VEN-2007,VEN,Venezuela,South America,Upper-middle-income countries,2007,82302184,0.031
VEN-2008,VEN,Venezuela,South America,Upper-middle-income countries,2008,63836892,0.019
VEN-2009,VEN,Venezuela,South America,Upper-middle-income countries,2009,65613844,0.018
VEN-2010,VEN,Venezuela,South America,Upper-middle-income countries,2010,53870100,0.013
VEN-2011,VEN,Venezuela,South America,Upper-middle-income countries,2011,51636140,0.016
VEN-2012,VEN,Venezuela,South America,Upper-middle-income countries,2012,56128544,0.014
VEN-2013,VEN,Venezuela,South America,Upper-middle-income countries,2013,41323300,0.011
VEN-2014,VEN,Venezuela,South America,High-income countries,2014,45977090,0.009
VEN-2015,VEN,Venezuela,South America,Upper-middle-income countries,2015,44620030,0.011
VEN-2016,VEN,Venezuela,South America,Upper-middle-income countries,2016,52820504,0.015
VEN-2017,VEN,Venezuela,South America,Upper-middle-income countries,2017,102606730,0.037
VEN-2018,VEN,Venezuela,South America,Upper-middle-income countries,2018,166611870,0.087
VEN-2019,VEN,Venezuela,South America,Upper-middle-income countries,2019,302867330,0.228
VEN-2020,VEN,Venezuela,South America,,2020,378761200,0.348
VEN-2021,VEN,Venezuela,South America,,2021,293680930,0.276
VEN-2022,VEN,Venezuela,South America,,2022,292131970,0.243
VEN-2023,VEN,Venezuela,South America,,2023,414787000,0.34
VNM-2004,VNM,Vietnam,Asia,Low-income countries,2004,1833816300,3.719
VNM-2005,VNM,Vietnam,Asia,Low-income countries,2005,1851974900,2.993
VNM-2006,VNM,Vietnam,Asia,Low-income countries,2006,1849619800,2.602
VNM-2007,VNM,Vietnam,Asia,Low-income countries,2007,2448187600,3.119
VNM-2008,VNM,Vietnam,Asia,Low-income countries,2008,2283719700,2.413
VNM-2009,VNM,Vietnam,Asia,Lower-middle-income countries,2009,3215468000,3.281
VNM-2010,VNM,Vietnam,Asia,Lower-middle-income countries,2010,1735894900,1.338
VNM-2011,VNM,Vietnam,Asia,Lower-middle-income countries,2011,2999223000,1.986
VNM-2012,VNM,Vietnam,Asia,Lower-middle-income countries,2012,3620904000,2.172
VNM-2013,VNM,Vietnam,Asia,Lower-middle-income countries,2013,3895613400,1.98
VNM-2014,VNM,Vietnam,Asia,Lower-middle-income countries,2014,4037579800,1.877
VNM-2015,VNM,Vietnam,Asia,Lower-middle-income countries,2015,3397454000,1.395
VNM-2016,VNM,Vietnam,Asia,Lower-middle-income countries,2016,2980327700,1.196
VNM-2017,VNM,Vietnam,Asia,Lower-middle-income countries,2017,2454423300,0.911
VNM-2018,VNM,Vietnam,Asia,Lower-middle-income countries,2018,1767682400,0.559
VNM-2019,VNM,Vietnam,Asia,Lower-middle-income countries,2019,1189447000,0.343
VNM-2020,VNM,Vietnam,Asia,Lower-middle-income countries,2020,1279851900,0.353
VNM-2021,VNM,Vietnam,Asia,Lower-middle-income countries,2021,599812200,0.152
VNM-2022,VNM,Vietnam,Asia,Lower-middle-income countries,2022,76428720,0.013
VNM-2023,VNM,Vietnam,Asia,Lower-middle-income countries,2023,839514940,0.202
WLF-2004,WLF,Wallis and Futuna,Oceania,,2004,87038590,
WLF-2005,WLF,Wallis and Futuna,Oceania,,2005,84345700,
WLF-2006,WLF,Wallis and Futuna,Oceania,,2006,116383660,
WLF-2007,WLF,Wallis and Futuna,Oceania,,2007,119177256,
WLF-2008,WLF,Wallis and Futuna,Oceania,,2008,123282090,
WLF-2009,WLF,Wallis and Futuna,Oceania,,2009,114966000,
WLF-2010,WLF,Wallis and Futuna,Oceania,,2010,129795370,
WLF-2011,WLF,Wallis and Futuna,Oceania,,2011,125362590,
WLF-2012,WLF,Wallis and Futuna,Oceania,,2012,123658670,
WLF-2013,WLF,Wallis and Futuna,Oceania,,2013,104313560,
WLF-2014,WLF,Wallis and Futuna,Oceania,,2014,97752860,
WLF-2015,WLF,Wallis and Futuna,Oceania,,2015,123276580,
WLF-2016,WLF,Wallis and Futuna,Oceania,,2016,98341520,
WLF-2017,WLF,Wallis and Futuna,Oceania,,2017,101210870,
WLF-2018,WLF,Wallis and Futuna,Oceania,,2018,51998850,
WLF-2019,WLF,Wallis and Futuna,Oceania,,2019,126348950,
WLF-2020,WLF,Wallis and Futuna,Oceania,,2020,124301980,
WLF-2021,WLF,Wallis and Futuna,Oceania,,2021,111647200,
WLF-2022,WLF,Wallis and Futuna,Oceania,,2022,114631330,
WLF-2023,WLF,Wallis and Futuna,Oceania,,2023,164668220,
YEM-2004,YEM,Yemen,Asia,Low-income countries,2004,348546270,2.129
YEM-2005,YEM,Yemen,Asia,Low-income countries,2005,372084830,1.958
YEM-2006,YEM,Yemen,Asia,Low-income countries,2006,359215360,1.614
YEM-2007,YEM,Yemen,Asia,Low-income countries,2007,275759420,1.197
YEM-2008,YEM,Yemen,Asia,Low-income countries,2008,466101120,1.717
YEM-2009,YEM,Yemen,Asia,Lower-middle-income countries,2009,617778100,2.335
YEM-2010,YEM,Yemen,Asia,Lower-middle-income countries,2010,517908130,1.578
YEM-2011,YEM,Yemen,Asia,Lower-middle-income countries,2011,522237800,1.571
YEM-2012,YEM,Yemen,Asia,Lower-middle-income countries,2012,802841500,2.104
YEM-2013,YEM,Yemen,Asia,Lower-middle-income countries,2013,1153467000,2.693
YEM-2014,YEM,Yemen,Asia,Lower-middle-income countries,2014,1262490100,2.851
YEM-2015,YEM,Yemen,Asia,Lower-middle-income countries,2015,2123663100,4.292
YEM-2016,YEM,Yemen,Asia,Lower-middle-income countries,2016,2780467700,7.442
YEM-2017,YEM,Yemen,Asia,Low-income countries,2017,3844932900,12.388
YEM-2018,YEM,Yemen,Asia,Low-income countries,2018,9057223000,38.033
YEM-2019,YEM,Yemen,Asia,Low-income countries,2019,4359195600,28.912
YEM-2020,YEM,Yemen,Asia,Low-income countries,2020,2900624600,27.032
YEM-2021,YEM,Yemen,Asia,Low-income countries,2021,4153917000,43.326
YEM-2022,YEM,Yemen,Asia,Low-income countries,2022,3928217600,33.252
YEM-2023,YEM,Yemen,Asia,Low-income countries,2023,4247657200,47.302
ZMB-2004,ZMB,Zambia,Africa,Low-income countries,2004,1435245000,19.382
ZMB-2005,ZMB,Zambia,Africa,Low-income countries,2005,1423929200,15.182
ZMB-2006,ZMB,Zambia,Africa,Low-income countries,2006,1857056000,12.688
ZMB-2007,ZMB,Zambia,Africa,Low-income countries,2007,1146970100,8.172
ZMB-2008,ZMB,Zambia,Africa,Low-income countries,2008,1229176600,6.751
ZMB-2009,ZMB,Zambia,Africa,Low-income countries,2009,1452732900,8.523
ZMB-2010,ZMB,Zambia,Africa,Lower-middle-income countries,2010,1021170370,4.682
ZMB-2011,ZMB,Zambia,Africa,Lower-middle-income countries,2011,1131733900,4.634
ZMB-2012,ZMB,Zambia,Africa,Lower-middle-income countries,2012,1076897200,3.818
ZMB-2013,ZMB,Zambia,Africa,Lower-middle-income countries,2013,1243912100,4.259
ZMB-2014,ZMB,Zambia,Africa,Lower-middle-income countries,2014,1096133500,3.752
ZMB-2015,ZMB,Zambia,Africa,Lower-middle-income countries,2015,956296770,3.828
ZMB-2016,ZMB,Zambia,Africa,Lower-middle-income countries,2016,1169547800,4.758
ZMB-2017,ZMB,Zambia,Africa,Lower-middle-income countries,2017,1250021400,4.208
ZMB-2018,ZMB,Zambia,Africa,Lower-middle-income countries,2018,1159255600,3.861
ZMB-2019,ZMB,Zambia,Africa,Lower-middle-income countries,2019,1093172900,4.142
ZMB-2020,ZMB,Zambia,Africa,Lower-middle-income countries,2020,1155665500,5.769
ZMB-2021,ZMB,Zambia,Africa,Low-income countries,2021,1163827500,5.398
ZMB-2022,ZMB,Zambia,Africa,Lower-middle-income countries,2022,1957373000,6.652
ZMB-2023,ZMB,Zambia,Africa,Lower-middle-income countries,2023,1641598300,6.1
ZWE-2004,ZWE,Zimbabwe,Africa,Low-income countries,2004,244603580,4.707
ZWE-2005,ZWE,Zimbabwe,Africa,Low-income countries,2005,475217500,9.356
ZWE-2006,ZWE,Zimbabwe,Africa,Low-income countries,2006,336024600,8.114
ZWE-2007,ZWE,Zimbabwe,Africa,Low-income countries,2007,559194940,16.147
ZWE-2008,ZWE,Zimbabwe,Africa,Low-income countries,2008,720456450,39.279
ZWE-2009,ZWE,Zimbabwe,Africa,Low-income countries,2009,891617800,7.945
ZWE-2010,ZWE,Zimbabwe,Africa,Low-income countries,2010,824562300,6.252
ZWE-2011,ZWE,Zimbabwe,Africa,Low-income countries,2011,792063300,5.464
ZWE-2012,ZWE,Zimbabwe,Africa,Low-income countries,2012,1104143500,6.16
ZWE-2013,ZWE,Zimbabwe,Africa,Low-income countries,2013,902799200,4.553
ZWE-2014,ZWE,Zimbabwe,Africa,Low-income countries,2014,829880900,4.104
ZWE-2015,ZWE,Zimbabwe,Africa,Low-income countries,2015,937276600,4.059
ZWE-2016,ZWE,Zimbabwe,Africa,Low-income countries,2016,798741440,3.487
ZWE-2017,ZWE,Zimbabwe,Africa,Low-income countries,2017,872573800,1.479
ZWE-2018,ZWE,Zimbabwe,Africa,Lower-middle-income countries,2018,915341950,2.376
ZWE-2019,ZWE,Zimbabwe,Africa,Lower-middle-income countries,2019,984241000,3.347
ZWE-2020,ZWE,Zimbabwe,Africa,Lower-middle-income countries,2020,1112406000,3.746
ZWE-2021,ZWE,Zimbabwe,Africa,Lower-middle-income countries,2021,1057361900,3.709
ZWE-2022,ZWE,Zimbabwe,Africa,Lower-middle-income countries,2022,847334460,2.461
ZWE-2023,ZWE,Zimbabwe,Africa,Lower-middle-income countries,2023,811939300,2.275
